# Blender 5.2.0 LTS
# www.blender.org
mtllib 人物底膜.mtl
o 立方体.001
v -0.182949 -0.050610 -0.331692
v -0.151487 0.114382 -0.331692
v -0.182949 -0.050610 -0.516157
v -0.151487 0.114382 -0.516157
v 0.163540 -0.051175 -0.331692
v 0.164040 -0.032344 -0.328519
v 0.163540 -0.051175 -0.516157
v 0.163579 -0.031973 -0.513441
v -0.182949 -0.050610 -0.423924
v -0.167218 0.031886 -0.331692
v -0.151487 0.114382 -0.423924
v -0.167218 0.031886 -0.516157
v -0.009704 -0.050892 -0.516157
v -0.008720 0.003069 -0.525110
v 0.167218 -0.031886 -0.516157
v 0.163540 -0.051175 -0.423924
v 0.170896 -0.012598 -0.423924
v 0.167218 -0.031886 -0.331692
v -0.009704 -0.050892 -0.331692
v 0.003960 -0.000028 -0.325882
v 0.009704 0.050892 -0.423924
v -0.009704 -0.050892 -0.423924
v 0.000000 -0.000000 -0.331692
v 0.167218 -0.031886 -0.423924
v 0.000000 -0.000000 -0.516157
v -0.167218 0.031886 -0.423924
vn -0.9823 0.1873 -0.0000
vn -0.1896 -0.9776 -0.0918
vn 0.9989 -0.0321 0.0331
vn -0.0449 -0.0595 0.9972
vn -0.0016 -1.0000 -0.0000
vn 0.4720 0.8480 0.2412
vn 0.2707 0.8984 0.3458
vn 0.2765 0.8941 -0.3524
vn 0.4766 0.8418 -0.2535
vn -0.0000 -0.0000 1.0000
vn -0.1926 -0.9806 -0.0362
vn 0.9823 -0.1873 -0.0000
vn 0.9992 0.0037 -0.0406
vn -0.0000 -0.0000 -1.0000
vn -0.0738 -0.0978 -0.9925
vt 0.500000 0.125000
vt 0.625000 0.125000
vt 0.625000 0.250000
vt 0.500000 0.250000
vt 0.500000 0.375000
vt 0.625000 0.375000
vt 0.625000 0.500000
vt 0.500000 0.500000
vt 0.500000 0.625000
vt 0.625000 0.625000
vt 0.625000 0.750000
vt 0.500000 0.750000
vt 0.500000 0.875000
vt 0.625000 0.875000
vt 0.625000 1.000000
vt 0.500000 1.000000
vt 0.250000 0.625000
vt 0.375000 0.625000
vt 0.375000 0.750000
vt 0.250000 0.750000
vt 0.750000 0.625000
vt 0.875000 0.625000
vt 0.875000 0.750000
vt 0.750000 0.750000
vt 0.750000 0.500000
vt 0.875000 0.500000
vt 0.125000 0.625000
vt 0.125000 0.750000
vt 0.125000 0.500000
vt 0.250000 0.500000
vt 0.375000 0.500000
vt 0.375000 0.875000
vt 0.375000 1.000000
vt 0.375000 0.375000
vt 0.375000 0.250000
vt 0.375000 0.125000
vt 0.375000 0.000000
vt 0.500000 0.000000
vt 0.625000 0.000000
s 0
usemtl 材质.005
f 26/1/1 11/2/1 4/3/1 12/4/1
f 25/5/2 14/6/2 8/7/2 15/8/2
f 24/9/3 17/10/3 6/11/3 18/12/3
f 23/13/4 20/14/4 2/15/4 10/16/4
f 22/17/5 16/18/5 5/19/5 19/20/5
f 21/21/6 11/22/6 2/23/6 20/24/6
f 17/10/7 21/21/7 20/24/7 6/11/7
f 8/7/8 14/25/8 21/21/8 17/10/8
f 14/25/9 4/26/9 11/22/9 21/21/9
f 9/27/5 22/17/5 19/20/5 1/28/5
f 3/29/5 13/30/5 22/17/5 9/27/5
f 13/30/5 7/31/5 16/18/5 22/17/5
f 19/32/10 23/13/10 10/16/10 1/33/10
f 5/19/10 18/12/10 23/13/10 19/32/10
f 18/12/11 6/11/11 20/14/11 23/13/11
f 16/18/12 24/9/12 18/12/12 5/19/12
f 7/31/12 15/8/12 24/9/12 16/18/12
f 15/8/13 8/7/13 17/10/13 24/9/13
f 13/34/14 25/5/14 15/8/14 7/31/14
f 3/35/14 12/4/14 25/5/14 13/34/14
f 12/4/15 4/3/15 14/6/15 25/5/15
f 9/36/1 26/1/1 12/4/1 3/35/1
f 1/37/1 10/38/1 26/1/1 9/36/1
f 10/38/1 2/39/1 11/2/1 26/1/1
o 棱角球
v -0.107385 2.364541 -0.129404
v -0.007836 2.471293 -0.057078
v -0.145409 2.471293 -0.012377
v -0.210911 2.470207 -0.134205
v -0.145409 2.471293 -0.246430
v -0.007836 2.471293 -0.201730
v -0.069362 2.644027 -0.012377
v -0.198042 2.646342 -0.059716
v -0.206934 2.644027 -0.201730
v -0.068176 2.641151 -0.239465
v -0.010145 2.666510 -0.139041
v -0.105067 2.740824 -0.130510
v -0.129735 2.393382 -0.060618
v -0.048872 2.393382 -0.086892
v -0.071222 2.456130 -0.018106
v 0.000528 2.410041 -0.144377
v -0.048872 2.393382 -0.171916
v -0.179712 2.393383 -0.129404
v -0.202062 2.456130 -0.060618
v -0.129735 2.393382 -0.198190
v -0.202062 2.456130 -0.198190
v -0.071222 2.456130 -0.240702
v -0.003032 2.557803 -0.087736
v -0.001794 2.566974 -0.177151
v -0.107929 2.556654 -0.010749
v -0.026522 2.557660 -0.018105
v -0.206048 2.562396 -0.094777
v -0.188249 2.557660 -0.018105
v -0.188249 2.557660 -0.240703
v -0.213596 2.554976 -0.176415
v -0.026522 2.557660 -0.240703
v -0.105870 2.554665 -0.253470
v -0.039612 2.657897 -0.051536
v -0.143549 2.659190 -0.018106
v -0.205653 2.652497 -0.132647
v -0.143549 2.659190 -0.240702
v -0.021331 2.675438 -0.202249
v -0.085036 2.721938 -0.060618
v -0.035059 2.721937 -0.129404
v -0.165898 2.721938 -0.086892
v -0.165898 2.721938 -0.171916
v -0.085036 2.721938 -0.198190
vn 0.1366 -0.8970 0.4205
vn 0.7075 -0.5449 0.4501
vn -0.3577 -0.8970 0.2599
vn -0.3577 -0.8970 -0.2599
vn 0.1366 -0.8970 -0.4205
vn 0.9941 -0.0172 0.1073
vn 0.0670 -0.0485 0.9966
vn -0.9928 0.0012 0.1196
vn -0.5907 -0.2420 -0.7698
vn 0.5496 -0.2420 -0.7997
vn 0.9458 0.0606 0.3192
vn -0.0909 0.0209 0.9956
vn -0.9958 0.0137 0.0908
vn -0.1535 -0.0106 -0.9881
vn 0.9296 0.0355 -0.3669
vn 0.5900 0.5075 0.6280
vn -0.6003 0.4841 0.6366
vn -0.8772 0.4782 -0.0424
vn 0.1273 0.4722 -0.8722
vn 0.9009 0.4223 -0.0998
vn 0.2586 0.9475 -0.1879
vn 0.5283 0.7573 -0.3839
vn 0.3001 0.4829 -0.8226
vn -0.0954 0.9511 -0.2937
vn -0.2260 0.6820 -0.6956
vn -0.5322 0.5322 -0.6584
vn -0.2965 0.9550 -0.0000
vn -0.8678 0.4968 -0.0000
vn -0.8949 0.4271 0.1294
vn -0.0924 0.9543 0.2843
vn -0.2260 0.6820 0.6956
vn 0.0435 0.5322 0.8455
vn 0.2533 0.9497 0.1840
vn 0.6761 0.5492 0.4912
vn 0.8811 0.3387 0.3301
vn 0.9781 0.1407 -0.1532
vn 0.9249 0.0806 -0.3717
vn 0.4817 0.2527 -0.8391
vn 0.0494 0.1386 -0.9891
vn -0.1505 0.0662 -0.9864
vn -0.5496 0.2420 -0.7997
vn -0.9970 0.0771 0.0090
vn -0.9952 0.0415 0.0883
vn -0.9929 0.0497 0.1078
vn -0.6236 0.2746 0.7319
vn -0.0906 0.0399 0.9951
vn -0.0671 0.0482 0.9966
vn 0.7027 0.3060 0.6423
vn 0.9232 0.2246 0.3119
vn 0.9187 0.2162 0.3306
vn 0.1548 0.0918 -0.9837
vn 0.1611 -0.0709 -0.9844
vn 0.0542 -0.1095 -0.9925
vn -0.9292 -0.0351 -0.3678
vn -0.9296 -0.0275 -0.3676
vn -0.9891 -0.0896 -0.1171
vn -0.9741 -0.0015 0.2260
vn -0.9729 0.0368 0.2281
vn -0.5907 -0.2420 0.7698
vn 0.0902 -0.0213 0.9957
vn 0.0904 -0.0398 0.9951
vn 0.5496 -0.2420 0.7997
vn 0.9969 0.0754 0.0215
vn 0.9997 0.0181 0.0157
vn 0.9861 -0.0199 -0.1650
vn 0.5322 -0.5322 -0.6584
vn 0.2260 -0.6820 -0.6956
vn -0.0435 -0.5322 -0.8455
vn -0.4618 -0.5322 -0.7096
vn -0.5917 -0.6820 -0.4299
vn -0.9246 -0.3783 -0.0446
vn -0.9266 -0.3738 0.0399
vn -0.5917 -0.6820 0.4299
vn -0.4618 -0.5322 0.7096
vn 0.5419 -0.5338 -0.6491
vn 0.3195 -0.9476 -0.0000
vn 0.4421 -0.8970 -0.0000
vn -0.0435 -0.5322 0.8455
vn 0.2260 -0.6820 0.6956
vn 0.5322 -0.5322 0.6584
vt 0.181819 0.000000
vt 0.227273 0.078731
vt 0.136365 0.078731
vt 0.272728 0.157461
vt 0.318182 0.078731
vt 0.363637 0.157461
vt 0.909091 0.000000
vt 0.954545 0.078731
vt 0.863636 0.078731
vt 0.727273 0.000000
vt 0.772727 0.078731
vt 0.681818 0.078731
vt 0.545455 0.000000
vt 0.590909 0.078731
vt 0.500000 0.078731
vt 0.318182 0.236191
vt 0.090910 0.157461
vt 0.181819 0.157461
vt 0.136365 0.236191
vt 0.818182 0.157461
vt 0.909091 0.157461
vt 0.863636 0.236191
vt 0.636364 0.157461
vt 0.727273 0.157461
vt 0.681818 0.236191
vt 0.454546 0.157461
vt 0.545455 0.157461
vt 0.500000 0.236191
vt 0.227273 0.236191
vt 0.045455 0.236191
vt 0.772727 0.236191
vt 0.590909 0.236191
vt 0.409092 0.236191
vt 0.181819 0.314921
vt 0.272728 0.314921
vt 0.227273 0.393651
vt 0.000000 0.314921
vt 0.090910 0.314921
vt 0.045455 0.393651
vt 0.727273 0.314921
vt 0.818182 0.314921
vt 0.772727 0.393651
vt 0.545455 0.314921
vt 0.636364 0.314921
vt 0.590909 0.393651
vt 0.363637 0.314921
vt 0.454546 0.314921
vt 0.409092 0.393651
vt 0.500000 0.393651
vt 0.454546 0.472382
vt 0.681818 0.393651
vt 0.636364 0.472382
vt 0.863636 0.393651
vt 0.818182 0.472382
vt 0.909091 0.314921
vt 0.136365 0.393651
vt 0.090910 0.472382
vt 0.318182 0.393651
vt 0.272728 0.472382
vt 0.954545 0.236191
vt 1.000000 0.157461
vt 0.409092 0.078731
vt 0.363637 0.000000
s 0
usemtl 材质
f 27/40/16 40/41/16 39/42/16
f 28/43/17 40/44/17 42/45/17
f 27/46/18 39/47/18 44/48/18
f 27/49/19 44/50/19 46/51/19
f 27/52/20 46/53/20 43/54/20
f 28/43/21 42/45/21 49/55/21
f 29/56/22 41/57/22 51/58/22
f 30/59/23 45/60/23 53/61/23
f 31/62/24 47/63/24 55/64/24
f 32/65/25 48/66/25 57/67/25
f 28/43/26 49/55/26 52/68/26
f 29/56/27 51/58/27 54/69/27
f 30/59/28 53/61/28 56/70/28
f 31/62/29 55/64/29 58/71/29
f 32/65/30 57/67/30 50/72/30
f 33/73/31 59/74/31 64/75/31
f 34/76/32 60/77/32 66/78/32
f 35/79/33 61/80/33 67/81/33
f 36/82/34 62/83/34 68/84/34
f 37/85/35 63/86/35 65/87/35
f 65/87/36 68/88/36 38/89/36
f 65/87/37 63/86/37 68/88/37
f 63/86/38 36/82/38 68/88/38
f 68/84/39 67/90/39 38/91/39
f 68/84/40 62/83/40 67/90/40
f 62/83/41 35/79/41 67/90/41
f 67/81/42 66/92/42 38/93/42
f 67/81/43 61/80/43 66/92/43
f 61/80/44 34/94/44 66/92/44
f 66/78/45 64/95/45 38/96/45
f 66/78/46 60/77/46 64/95/46
f 60/77/47 33/73/47 64/95/47
f 64/75/48 65/97/48 38/98/48
f 64/75/49 59/74/49 65/97/49
f 59/74/50 37/85/50 65/97/50
f 50/72/51 63/86/51 37/85/51
f 50/72/52 57/67/52 63/86/52
f 57/67/53 36/82/53 63/86/53
f 58/71/54 62/83/54 36/82/54
f 58/71/55 55/64/55 62/83/55
f 55/64/56 35/79/56 62/83/56
f 56/70/57 61/80/57 35/79/57
f 56/70/58 53/61/58 61/80/58
f 53/61/59 34/94/59 61/80/59
f 54/69/60 60/77/60 34/76/60
f 54/69/61 51/58/61 60/77/61
f 51/58/62 33/73/62 60/77/62
f 52/68/63 59/74/63 33/73/63
f 52/68/64 49/55/64 59/74/64
f 49/55/65 37/85/65 59/74/65
f 57/67/66 58/71/66 36/82/66
f 57/67/67 48/66/67 58/71/67
f 48/66/68 31/62/68 58/71/68
f 55/64/69 56/70/69 35/79/69
f 55/64/70 47/63/70 56/70/70
f 47/63/71 30/59/71 56/70/71
f 53/61/72 54/99/72 34/94/72
f 53/61/73 45/60/73 54/99/73
f 45/60/74 29/100/74 54/99/74
f 51/58/75 52/68/75 33/73/75
f 51/58/76 41/57/76 52/68/76
f 41/57/77 28/43/77 52/68/77
f 49/55/78 50/72/78 37/85/78
f 49/55/79 42/45/79 50/72/79
f 42/45/80 32/65/80 50/72/80
f 43/54/81 48/66/81 32/65/81
f 43/54/82 46/53/82 48/66/82
f 46/53/83 31/62/83 48/66/83
f 46/51/84 47/63/84 31/62/84
f 46/51/85 44/50/85 47/63/85
f 44/50/86 30/59/86 47/63/86
f 44/48/87 45/60/87 30/59/87
f 44/48/88 39/47/88 45/60/88
f 39/47/89 29/100/89 45/60/89
f 42/45/90 43/101/90 32/65/90
f 42/45/91 40/44/91 43/101/91
f 40/44/92 27/102/92 43/101/92
f 39/42/93 41/57/93 29/56/93
f 39/42/94 40/41/94 41/57/94
f 40/41/95 28/43/95 41/57/95
o 立方体.002
v -0.216202 0.028671 0.085309
v -0.175066 1.011578 0.118722
v -0.218159 0.025288 -0.078417
v -0.191359 0.976946 -0.008825
v -0.004355 0.062606 0.079376
v -0.035218 0.997628 0.091094
v -0.016545 0.037693 -0.084778
v -0.038045 0.974961 -0.011810
v -0.239640 0.002002 -0.010610
v -0.207955 0.511238 0.114492
v -0.194745 0.991942 0.062916
v -0.212346 0.495856 -0.054822
v -0.108769 0.015748 -0.114275
v -0.115010 0.977774 -0.051490
v -0.022643 0.496207 -0.052185
v 0.012891 0.014850 0.002485
v -0.027573 0.987052 0.040957
v 0.002965 0.517720 0.090620
v -0.106571 0.014251 0.116402
v -0.092650 0.998862 0.133013
v -0.109517 0.989771 0.052764
v -0.107670 0.015000 0.001064
v -0.112310 0.500755 0.139371
v 0.003348 0.491267 0.018981
v -0.110556 0.491054 -0.078921
v -0.211488 0.503546 0.031280
v -0.227921 0.015336 0.037349
v -0.184758 0.764117 0.119435
v -0.200238 0.984444 0.028647
v -0.217774 0.260261 -0.070789
v -0.163464 0.020518 -0.096346
v -0.076527 0.976367 -0.031650
v -0.019594 0.266950 -0.068481
v -0.001827 0.026271 -0.041147
v -0.031395 0.992340 0.066026
v -0.000695 0.290163 0.084998
v -0.055463 0.038429 0.097889
v -0.133858 1.005220 0.125867
v -0.228900 0.013645 -0.044514
v -0.210894 0.270264 0.105515
v -0.184905 1.001760 0.090819
v -0.196045 0.736076 -0.046199
v -0.062657 0.026721 -0.099526
v -0.160776 0.976169 -0.038728
v -0.015220 0.729600 -0.033451
v 0.004268 0.038728 0.040930
v -0.032809 0.981006 0.014574
v -0.004104 0.738507 0.093296
v -0.161386 0.021461 0.100856
v -0.063934 0.998245 0.112053
v -0.101084 0.994317 0.092888
v -0.112263 0.983772 0.000637
v -0.068545 0.988412 0.046861
v -0.152131 0.990857 0.057840
v -0.107120 0.014625 0.058733
v -0.108219 0.015374 -0.056605
v -0.173655 0.008501 -0.004773
v -0.047389 0.014925 0.001774
v -0.158948 0.506306 0.132546
v -0.054672 0.509238 0.114995
v -0.109440 0.257503 0.127887
v -0.102480 0.749809 0.136192
v 0.003156 0.504493 0.054800
v -0.009648 0.493737 -0.016602
v 0.008119 0.253058 0.010733
v 0.004108 0.736654 0.030837
v -0.066599 0.493630 -0.065553
v -0.163973 0.493144 -0.071041
v -0.109662 0.253401 -0.096598
v -0.112783 0.734414 -0.065205
v -0.214439 0.499390 -0.015941
v -0.208537 0.507702 0.078501
v -0.225564 0.252774 0.010335
v -0.191039 0.747187 0.039292
v -0.184524 0.755309 0.077125
v -0.218229 0.261519 0.057925
v -0.221669 0.256518 -0.030227
v -0.158166 0.735252 -0.049124
v -0.163718 0.256831 -0.083694
v -0.064628 0.260176 -0.082540
v 0.007626 0.719230 -0.017425
v -0.005737 0.260004 -0.028874
v 0.003712 0.271610 0.047865
v -0.059303 0.753741 0.113524
v -0.055068 0.273833 0.106442
v -0.160167 0.263884 0.116701
v -0.055023 0.020823 -0.048876
v -0.168559 0.014510 -0.050559
v -0.167521 0.014981 0.048041
v -0.152245 0.984108 0.015317
v -0.072536 0.982389 0.007606
v -0.066239 0.993328 0.079457
v -0.142994 0.998038 0.091854
v -0.051426 0.026677 0.049832
v -0.146403 0.755763 0.129207
v 0.001970 0.730542 0.057463
v -0.071563 0.734999 -0.048601
v -0.196314 0.741917 0.002590
vn -0.9940 0.0157 -0.1078
vn 0.3506 0.0939 -0.9318
vn 0.9837 0.1201 0.1337
vn -0.2049 0.0171 0.9786
vn 0.3848 -0.8323 0.3991
vn 0.1440 0.9421 -0.3028
vn -0.0415 0.9916 -0.1229
vn 0.0354 0.9905 -0.1329
vn -0.0213 0.9833 -0.1809
vn -0.0789 -0.9951 0.0598
vn 0.0580 -0.9966 -0.0589
vn 0.0608 -0.9791 -0.1943
vn -0.2859 -0.0467 0.9571
vn 0.3853 -0.0366 0.9221
vn 0.5187 0.0026 0.8550
vn 0.9977 -0.0085 0.0666
vn 0.9425 0.0318 -0.3326
vn 0.9871 0.1446 -0.0682
vn 0.2869 0.0718 -0.9553
vn -0.1864 0.0623 -0.9805
vn -0.3017 0.0444 -0.9524
vn -0.9967 0.0311 -0.0750
vn -0.9940 0.0390 0.1025
vn -0.9683 -0.0269 0.2483
vn -0.9913 0.0884 0.0976
vn -0.9955 0.0940 -0.0104
vn -0.9912 0.0152 0.1316
vn -0.9816 0.0312 0.1885
vn -0.9812 0.0141 0.1924
vn -0.9956 0.0203 0.0913
vn -0.9819 0.0243 -0.1880
vn -0.9818 0.0553 -0.1815
vn -0.9990 0.0439 -0.0109
vn -0.2330 0.0729 -0.9697
vn -0.2133 0.0715 -0.9744
vn -0.4288 0.0910 -0.8988
vn -0.2680 0.0609 -0.9615
vn -0.2696 0.0415 -0.9621
vn -0.2696 0.0612 -0.9610
vn 0.2878 0.0718 -0.9550
vn 0.2878 0.0720 -0.9550
vn 0.2868 0.0720 -0.9553
vn 0.9937 -0.0356 -0.1060
vn 0.8186 -0.0217 -0.5739
vn 0.8305 0.1600 -0.5336
vn 0.9475 0.0313 -0.3184
vn 0.9475 0.0339 -0.3178
vn 0.9426 0.0347 -0.3323
vn 0.9843 -0.0114 0.1761
vn 0.9860 0.0058 0.1668
vn 0.9982 0.0094 0.0588
vn 0.4224 0.0041 0.9064
vn 0.3680 0.0068 0.9298
vn 0.4461 0.0382 0.8942
vn 0.3664 -0.0370 0.9297
vn 0.3647 -0.0317 0.9306
vn 0.3844 -0.0316 0.9226
vn -0.2532 -0.0685 0.9650
vn -0.2518 -0.0552 0.9662
vn -0.1882 -0.0558 0.9805
vn 0.0518 -0.9968 -0.0616
vn 0.1782 -0.9815 -0.0703
vn 0.2082 -0.9520 -0.2243
vn 0.0566 -0.9771 -0.2052
vn -0.0810 -0.9696 -0.2309
vn -0.0471 -0.9969 -0.0636
vn -0.1118 -0.9711 0.2107
vn 0.0230 -0.9817 0.1889
vn 0.0416 -0.9977 0.0526
vn -0.0148 0.9910 -0.1330
vn -0.0544 0.9908 -0.1243
vn -0.0775 0.9831 -0.1661
vn 0.0358 0.9820 -0.1856
vn 0.1012 0.9758 -0.1936
vn 0.0818 0.9873 -0.1359
vn -0.0702 0.9819 -0.1756
vn -0.0140 0.9845 -0.1746
vn -0.0021 0.9917 -0.1287
vn 0.1363 0.9730 -0.1862
vn 0.0480 0.9848 -0.1672
vn 0.0414 0.9602 -0.2763
vn 0.3448 -0.9320 0.1117
vn 0.1098 -0.9879 0.1099
vn 0.1219 -0.9113 0.3932
vn -0.3009 0.0184 0.9535
vn -0.1483 0.0196 0.9887
vn -0.1609 0.0201 0.9868
vn 0.9965 0.0174 0.0820
vn 0.9993 -0.0002 0.0373
vn 0.9859 0.1210 0.1156
vn 0.2746 0.0707 -0.9589
vn 0.3291 0.0645 -0.9421
vn 0.4155 0.0636 -0.9073
vn -0.9967 0.0730 -0.0347
vn -0.9933 0.0739 0.0891
vn -0.9874 -0.0313 0.1554
vt 0.562500 0.187500
vt 0.625000 0.187500
vt 0.625000 0.250000
vt 0.562500 0.250000
vt 0.562500 0.437500
vt 0.625000 0.437500
vt 0.625000 0.500000
vt 0.562500 0.500000
vt 0.562500 0.687500
vt 0.625000 0.687500
vt 0.625000 0.750000
vt 0.562500 0.750000
vt 0.562500 0.937500
vt 0.625000 0.937500
vt 0.625000 1.000000
vt 0.562500 1.000000
vt 0.312500 0.687500
vt 0.375000 0.687500
vt 0.375000 0.750000
vt 0.312500 0.750000
vt 0.812500 0.687500
vt 0.875000 0.687500
vt 0.875000 0.750000
vt 0.812500 0.750000
vt 0.687500 0.687500
vt 0.750000 0.687500
vt 0.750000 0.750000
vt 0.687500 0.750000
vt 0.687500 0.562500
vt 0.750000 0.562500
vt 0.750000 0.625000
vt 0.687500 0.625000
vt 0.812500 0.562500
vt 0.875000 0.562500
vt 0.875000 0.625000
vt 0.812500 0.625000
vt 0.187500 0.687500
vt 0.250000 0.687500
vt 0.250000 0.750000
vt 0.187500 0.750000
vt 0.187500 0.562500
vt 0.250000 0.562500
vt 0.250000 0.625000
vt 0.187500 0.625000
vt 0.312500 0.562500
vt 0.375000 0.562500
vt 0.375000 0.625000
vt 0.312500 0.625000
vt 0.437500 0.937500
vt 0.500000 0.937500
vt 0.500000 1.000000
vt 0.437500 1.000000
vt 0.437500 0.812500
vt 0.500000 0.812500
vt 0.500000 0.875000
vt 0.437500 0.875000
vt 0.562500 0.812500
vt 0.625000 0.812500
vt 0.625000 0.875000
vt 0.562500 0.875000
vt 0.437500 0.687500
vt 0.500000 0.687500
vt 0.500000 0.750000
vt 0.437500 0.750000
vt 0.437500 0.562500
vt 0.500000 0.562500
vt 0.500000 0.625000
vt 0.437500 0.625000
vt 0.562500 0.562500
vt 0.625000 0.562500
vt 0.625000 0.625000
vt 0.562500 0.625000
vt 0.437500 0.437500
vt 0.500000 0.437500
vt 0.500000 0.500000
vt 0.437500 0.500000
vt 0.437500 0.312500
vt 0.500000 0.312500
vt 0.500000 0.375000
vt 0.437500 0.375000
vt 0.562500 0.312500
vt 0.625000 0.312500
vt 0.625000 0.375000
vt 0.562500 0.375000
vt 0.437500 0.187500
vt 0.500000 0.187500
vt 0.500000 0.250000
vt 0.437500 0.250000
vt 0.437500 0.062500
vt 0.500000 0.062500
vt 0.500000 0.125000
vt 0.437500 0.125000
vt 0.562500 0.062500
vt 0.625000 0.062500
vt 0.625000 0.125000
vt 0.562500 0.125000
vt 0.500000 0.000000
vt 0.562500 0.000000
vt 0.625000 0.000000
vt 0.375000 0.062500
vt 0.375000 0.125000
vt 0.375000 0.000000
vt 0.437500 0.000000
vt 0.375000 0.187500
vt 0.375000 0.250000
vt 0.375000 0.312500
vt 0.375000 0.375000
vt 0.375000 0.437500
vt 0.375000 0.500000
vt 0.375000 0.812500
vt 0.375000 0.875000
vt 0.375000 0.937500
vt 0.375000 1.000000
vt 0.250000 0.500000
vt 0.312500 0.500000
vt 0.125000 0.562500
vt 0.125000 0.625000
vt 0.125000 0.500000
vt 0.187500 0.500000
vt 0.125000 0.687500
vt 0.125000 0.750000
vt 0.750000 0.500000
vt 0.812500 0.500000
vt 0.875000 0.500000
vt 0.687500 0.500000
s 0
usemtl 材质.005
f 166/103/96 97/104/96 72/105/96 110/106/96
f 165/107/97 100/108/97 76/109/97 113/110/97
f 164/111/98 103/112/98 74/113/98 116/114/98
f 163/115/99 106/116/99 70/117/99 96/118/99
f 162/119/100 114/120/100 73/121/100 105/122/100
f 161/123/101 109/124/101 70/125/101 106/126/101
f 160/127/102 119/128/102 88/129/102 118/130/102
f 159/131/103 120/132/103 89/133/103 121/134/103
f 158/135/104 97/136/104 79/137/104 122/138/104
f 157/139/105 123/140/105 87/141/105 117/142/105
f 156/143/106 124/144/106 90/145/106 125/146/106
f 155/147/107 102/148/107 84/149/107 126/150/107
f 154/151/108 127/152/108 78/153/108 108/154/108
f 153/155/109 128/156/109 91/157/109 129/158/109
f 152/159/110 118/160/110 88/161/110 130/162/110
f 151/163/111 131/164/111 86/165/111 104/166/111
f 150/167/112 132/168/112 92/169/112 133/170/112
f 149/171/113 115/172/113 85/173/113 134/174/113
f 148/175/114 135/176/114 83/177/114 101/178/114
f 147/179/115 136/180/115 93/181/115 137/182/115
f 146/183/116 112/184/116 82/185/116 138/186/116
f 145/187/117 139/188/117 80/189/117 98/190/117
f 144/191/118 140/192/118 94/193/118 141/194/118
f 143/195/119 109/196/119 79/197/119 142/198/119
f 140/192/120 143/195/120 142/198/120 94/193/120
f 78/199/121 96/200/121 143/195/121 140/192/121
f 96/200/122 70/201/122 109/196/122 143/195/122
f 95/202/123 144/191/123 141/194/123 77/203/123
f 69/204/124 108/205/124 144/191/124 95/202/124
f 108/205/125 78/199/125 140/192/125 144/191/125
f 107/206/126 145/187/126 98/190/126 71/207/126
f 77/203/127 141/194/127 145/187/127 107/206/127
f 141/194/128 94/193/128 139/188/128 145/187/128
f 136/180/129 146/183/129 138/186/129 93/181/129
f 80/189/130 110/106/130 146/183/130 136/180/130
f 110/106/131 72/105/131 112/184/131 146/183/131
f 99/208/132 147/179/132 137/182/132 81/209/132
f 71/207/133 98/190/133 147/179/133 99/208/133
f 98/190/134 80/189/134 136/180/134 147/179/134
f 111/210/135 148/175/135 101/178/135 75/211/135
f 81/209/136 137/182/136 148/175/136 111/210/136
f 137/182/137 93/181/137 135/176/137 148/175/137
f 132/168/138 149/171/138 134/174/138 92/169/138
f 83/177/139 113/110/139 149/171/139 132/168/139
f 113/110/140 76/109/140 115/172/140 149/171/140
f 102/148/141 150/167/141 133/170/141 84/149/141
f 75/211/142 101/178/142 150/167/142 102/148/142
f 101/178/143 83/177/143 132/168/143 150/167/143
f 114/120/144 151/163/144 104/166/144 73/121/144
f 84/149/145 133/170/145 151/163/145 114/120/145
f 133/170/146 92/169/146 131/164/146 151/163/146
f 128/156/147 152/159/147 130/162/147 91/157/147
f 86/165/148 116/114/148 152/159/148 128/156/148
f 116/114/149 74/113/149 118/160/149 152/159/149
f 105/212/150 153/155/150 129/158/150 87/213/150
f 73/121/151 104/166/151 153/155/151 105/212/151
f 104/166/152 86/165/152 128/156/152 153/155/152
f 117/214/153 154/151/153 108/154/153 69/215/153
f 87/213/154 129/158/154 154/151/154 117/214/154
f 129/158/155 91/157/155 127/152/155 154/151/155
f 124/144/156 155/147/156 126/150/156 90/145/156
f 81/216/157 111/217/157 155/147/157 124/144/157
f 111/217/158 75/211/158 102/148/158 155/147/158
f 107/218/159 156/143/159 125/146/159 77/219/159
f 71/220/160 99/221/160 156/143/160 107/218/160
f 99/221/161 81/216/161 124/144/161 156/143/161
f 95/222/162 157/139/162 117/142/162 69/223/162
f 77/219/163 125/146/163 157/139/163 95/222/163
f 125/146/164 90/145/164 123/140/164 157/139/164
f 120/132/165 158/135/165 122/138/165 89/133/165
f 82/224/166 112/225/166 158/135/166 120/132/166
f 112/225/167 72/226/167 97/136/167 158/135/167
f 115/172/168 159/131/168 121/134/168 85/173/168
f 76/109/169 100/227/169 159/131/169 115/172/169
f 100/227/170 82/224/170 120/132/170 159/131/170
f 103/112/171 160/127/171 118/130/171 74/113/171
f 85/173/172 121/134/172 160/127/172 103/112/172
f 121/134/173 89/133/173 119/128/173 160/127/173
f 119/128/174 161/123/174 106/126/174 88/129/174
f 89/133/175 122/138/175 161/123/175 119/128/175
f 122/138/176 79/137/176 109/124/176 161/123/176
f 123/140/177 162/119/177 105/122/177 87/141/177
f 90/145/178 126/150/178 162/119/178 123/140/178
f 126/150/179 84/149/179 114/120/179 162/119/179
f 127/152/180 163/115/180 96/118/180 78/153/180
f 91/157/181 130/162/181 163/115/181 127/152/181
f 130/162/182 88/161/182 106/116/182 163/115/182
f 131/164/183 164/111/183 116/114/183 86/165/183
f 92/169/184 134/174/184 164/111/184 131/164/184
f 134/174/185 85/173/185 103/112/185 164/111/185
f 135/176/186 165/107/186 113/110/186 83/177/186
f 93/181/187 138/186/187 165/107/187 135/176/187
f 138/186/188 82/185/188 100/108/188 165/107/188
f 139/188/189 166/103/189 110/106/189 80/189/189
f 94/193/190 142/198/190 166/103/190 139/188/190
f 142/198/191 79/197/191 97/104/191 166/103/191
o 立方体.003
v -0.216202 0.028671 -0.341280
v -0.175066 1.011578 -0.307867
v -0.218159 0.025288 -0.505005
v -0.191359 0.976946 -0.435414
v -0.004355 0.062606 -0.347213
v -0.035218 0.997628 -0.335495
v -0.016545 0.037693 -0.511366
v -0.038045 0.974961 -0.438399
v -0.239640 0.002002 -0.437199
v -0.207955 0.511238 -0.312096
v -0.194745 0.991942 -0.363672
v -0.212346 0.495856 -0.481411
v -0.108769 0.015748 -0.540863
v -0.115010 0.977774 -0.478078
v -0.022643 0.496207 -0.478774
v 0.012891 0.014850 -0.424104
v -0.027573 0.987052 -0.385631
v 0.002965 0.517720 -0.335969
v -0.106571 0.014251 -0.310186
v -0.092650 0.998862 -0.293576
v -0.109517 0.989771 -0.373825
v -0.107670 0.015000 -0.425525
v -0.112310 0.500755 -0.287217
v 0.003348 0.491267 -0.407608
v -0.110556 0.491054 -0.505510
v -0.211488 0.503546 -0.395309
v -0.227921 0.015336 -0.389240
v -0.184758 0.764117 -0.307154
v -0.200238 0.984444 -0.397942
v -0.217774 0.260261 -0.497378
v -0.163464 0.020518 -0.522934
v -0.076527 0.976367 -0.458238
v -0.019594 0.266950 -0.495070
v -0.001827 0.026271 -0.467735
v -0.031395 0.992340 -0.360563
v -0.000695 0.290163 -0.341591
v -0.055463 0.038429 -0.328699
v -0.133858 1.005220 -0.300721
v -0.228900 0.013645 -0.471102
v -0.210894 0.270264 -0.321074
v -0.184905 1.001760 -0.335769
v -0.196045 0.736076 -0.472788
v -0.062657 0.026721 -0.526115
v -0.160776 0.976169 -0.465317
v -0.015220 0.729600 -0.460040
v 0.004268 0.038728 -0.385658
v -0.032809 0.981006 -0.412015
v -0.004104 0.738507 -0.333293
v -0.161386 0.021461 -0.325733
v -0.063934 0.998245 -0.314535
v -0.101084 0.994317 -0.333700
v -0.112263 0.983772 -0.425951
v -0.068545 0.988412 -0.379728
v -0.152131 0.990857 -0.368748
v -0.107120 0.014625 -0.367855
v -0.108219 0.015374 -0.483194
v -0.173655 0.008501 -0.431362
v -0.047389 0.014925 -0.424814
v -0.158948 0.506306 -0.294042
v -0.054672 0.509238 -0.311593
v -0.109440 0.257503 -0.298702
v -0.102480 0.749809 -0.290397
v 0.003156 0.504493 -0.371788
v -0.009648 0.493737 -0.443191
v 0.008119 0.253058 -0.415856
v 0.004108 0.736654 -0.395751
v -0.066599 0.493630 -0.492142
v -0.163973 0.493144 -0.497630
v -0.109662 0.253401 -0.523187
v -0.112783 0.734414 -0.491794
v -0.214439 0.499390 -0.442530
v -0.208537 0.507702 -0.348088
v -0.225564 0.252774 -0.416254
v -0.191039 0.747187 -0.387296
v -0.184524 0.755309 -0.349464
v -0.218229 0.261519 -0.368664
v -0.221669 0.256518 -0.456816
v -0.158166 0.735252 -0.475713
v -0.163718 0.256831 -0.510282
v -0.064628 0.260176 -0.509128
v 0.007626 0.719230 -0.444013
v -0.005737 0.260004 -0.455463
v 0.003712 0.271610 -0.378723
v -0.059303 0.753741 -0.313064
v -0.055068 0.273833 -0.320146
v -0.160167 0.263884 -0.309888
v -0.055023 0.020823 -0.475465
v -0.168559 0.014510 -0.477148
v -0.167521 0.014981 -0.378548
v -0.152245 0.984108 -0.411272
v -0.072536 0.982389 -0.418983
v -0.066239 0.993328 -0.347132
v -0.142994 0.998038 -0.334735
v -0.051426 0.026677 -0.376757
v -0.146403 0.755763 -0.297382
v 0.001970 0.730542 -0.369126
v -0.071563 0.734999 -0.475190
v -0.196314 0.741917 -0.423999
vn -0.9940 0.0157 -0.1078
vn 0.3506 0.0939 -0.9318
vn 0.9837 0.1201 0.1337
vn -0.2049 0.0171 0.9786
vn 0.3848 -0.8323 0.3991
vn 0.1440 0.9421 -0.3028
vn -0.0415 0.9916 -0.1229
vn 0.0354 0.9905 -0.1329
vn -0.0213 0.9833 -0.1809
vn -0.0789 -0.9951 0.0598
vn 0.0580 -0.9966 -0.0589
vn 0.0608 -0.9791 -0.1943
vn -0.2859 -0.0467 0.9571
vn 0.3853 -0.0366 0.9221
vn 0.5187 0.0026 0.8550
vn 0.9977 -0.0085 0.0666
vn 0.9425 0.0318 -0.3326
vn 0.9871 0.1446 -0.0682
vn 0.2869 0.0718 -0.9553
vn -0.1864 0.0623 -0.9805
vn -0.3017 0.0444 -0.9524
vn -0.9967 0.0311 -0.0750
vn -0.9940 0.0390 0.1025
vn -0.9683 -0.0269 0.2483
vn -0.9913 0.0884 0.0976
vn -0.9955 0.0940 -0.0104
vn -0.9912 0.0152 0.1316
vn -0.9816 0.0312 0.1885
vn -0.9812 0.0141 0.1924
vn -0.9956 0.0203 0.0913
vn -0.9819 0.0243 -0.1880
vn -0.9818 0.0553 -0.1815
vn -0.9990 0.0439 -0.0109
vn -0.2330 0.0729 -0.9697
vn -0.2133 0.0715 -0.9744
vn -0.4288 0.0910 -0.8988
vn -0.2680 0.0609 -0.9615
vn -0.2696 0.0415 -0.9621
vn -0.2696 0.0612 -0.9610
vn 0.2878 0.0718 -0.9550
vn 0.2878 0.0720 -0.9550
vn 0.2868 0.0720 -0.9553
vn 0.9937 -0.0356 -0.1060
vn 0.8186 -0.0217 -0.5739
vn 0.8305 0.1600 -0.5336
vn 0.9475 0.0313 -0.3184
vn 0.9475 0.0339 -0.3178
vn 0.9426 0.0347 -0.3323
vn 0.9843 -0.0114 0.1761
vn 0.9860 0.0058 0.1668
vn 0.9982 0.0094 0.0588
vn 0.4224 0.0041 0.9064
vn 0.3680 0.0068 0.9298
vn 0.4461 0.0382 0.8942
vn 0.3664 -0.0370 0.9297
vn 0.3647 -0.0317 0.9306
vn 0.3844 -0.0316 0.9226
vn -0.2532 -0.0685 0.9650
vn -0.2518 -0.0552 0.9662
vn -0.1882 -0.0558 0.9805
vn 0.0518 -0.9968 -0.0616
vn 0.1782 -0.9815 -0.0703
vn 0.2082 -0.9520 -0.2243
vn 0.0566 -0.9771 -0.2052
vn -0.0810 -0.9696 -0.2309
vn -0.0471 -0.9969 -0.0636
vn -0.1118 -0.9711 0.2107
vn 0.0230 -0.9817 0.1889
vn 0.0416 -0.9977 0.0526
vn -0.0148 0.9910 -0.1330
vn -0.0544 0.9908 -0.1243
vn -0.0775 0.9831 -0.1661
vn 0.0358 0.9820 -0.1856
vn 0.1012 0.9758 -0.1936
vn 0.0818 0.9873 -0.1359
vn -0.0702 0.9819 -0.1756
vn -0.0140 0.9845 -0.1746
vn -0.0021 0.9917 -0.1287
vn 0.1363 0.9730 -0.1862
vn 0.0480 0.9848 -0.1672
vn 0.0414 0.9602 -0.2763
vn 0.3448 -0.9320 0.1117
vn 0.1098 -0.9879 0.1099
vn 0.1219 -0.9113 0.3932
vn -0.3009 0.0184 0.9535
vn -0.1483 0.0196 0.9887
vn -0.1609 0.0201 0.9868
vn 0.9965 0.0174 0.0820
vn 0.9993 -0.0002 0.0373
vn 0.9859 0.1210 0.1156
vn 0.2746 0.0707 -0.9589
vn 0.3291 0.0645 -0.9421
vn 0.4155 0.0636 -0.9073
vn -0.9967 0.0730 -0.0347
vn -0.9933 0.0739 0.0891
vn -0.9874 -0.0313 0.1554
vt 0.562500 0.187500
vt 0.625000 0.187500
vt 0.625000 0.250000
vt 0.562500 0.250000
vt 0.562500 0.437500
vt 0.625000 0.437500
vt 0.625000 0.500000
vt 0.562500 0.500000
vt 0.562500 0.687500
vt 0.625000 0.687500
vt 0.625000 0.750000
vt 0.562500 0.750000
vt 0.562500 0.937500
vt 0.625000 0.937500
vt 0.625000 1.000000
vt 0.562500 1.000000
vt 0.312500 0.687500
vt 0.375000 0.687500
vt 0.375000 0.750000
vt 0.312500 0.750000
vt 0.812500 0.687500
vt 0.875000 0.687500
vt 0.875000 0.750000
vt 0.812500 0.750000
vt 0.687500 0.687500
vt 0.750000 0.687500
vt 0.750000 0.750000
vt 0.687500 0.750000
vt 0.687500 0.562500
vt 0.750000 0.562500
vt 0.750000 0.625000
vt 0.687500 0.625000
vt 0.812500 0.562500
vt 0.875000 0.562500
vt 0.875000 0.625000
vt 0.812500 0.625000
vt 0.187500 0.687500
vt 0.250000 0.687500
vt 0.250000 0.750000
vt 0.187500 0.750000
vt 0.187500 0.562500
vt 0.250000 0.562500
vt 0.250000 0.625000
vt 0.187500 0.625000
vt 0.312500 0.562500
vt 0.375000 0.562500
vt 0.375000 0.625000
vt 0.312500 0.625000
vt 0.437500 0.937500
vt 0.500000 0.937500
vt 0.500000 1.000000
vt 0.437500 1.000000
vt 0.437500 0.812500
vt 0.500000 0.812500
vt 0.500000 0.875000
vt 0.437500 0.875000
vt 0.562500 0.812500
vt 0.625000 0.812500
vt 0.625000 0.875000
vt 0.562500 0.875000
vt 0.437500 0.687500
vt 0.500000 0.687500
vt 0.500000 0.750000
vt 0.437500 0.750000
vt 0.437500 0.562500
vt 0.500000 0.562500
vt 0.500000 0.625000
vt 0.437500 0.625000
vt 0.562500 0.562500
vt 0.625000 0.562500
vt 0.625000 0.625000
vt 0.562500 0.625000
vt 0.437500 0.437500
vt 0.500000 0.437500
vt 0.500000 0.500000
vt 0.437500 0.500000
vt 0.437500 0.312500
vt 0.500000 0.312500
vt 0.500000 0.375000
vt 0.437500 0.375000
vt 0.562500 0.312500
vt 0.625000 0.312500
vt 0.625000 0.375000
vt 0.562500 0.375000
vt 0.437500 0.187500
vt 0.500000 0.187500
vt 0.500000 0.250000
vt 0.437500 0.250000
vt 0.437500 0.062500
vt 0.500000 0.062500
vt 0.500000 0.125000
vt 0.437500 0.125000
vt 0.562500 0.062500
vt 0.625000 0.062500
vt 0.625000 0.125000
vt 0.562500 0.125000
vt 0.500000 0.000000
vt 0.562500 0.000000
vt 0.625000 0.000000
vt 0.375000 0.062500
vt 0.375000 0.125000
vt 0.375000 0.000000
vt 0.437500 0.000000
vt 0.375000 0.187500
vt 0.375000 0.250000
vt 0.375000 0.312500
vt 0.375000 0.375000
vt 0.375000 0.437500
vt 0.375000 0.500000
vt 0.375000 0.812500
vt 0.375000 0.875000
vt 0.375000 0.937500
vt 0.375000 1.000000
vt 0.250000 0.500000
vt 0.312500 0.500000
vt 0.125000 0.562500
vt 0.125000 0.625000
vt 0.125000 0.500000
vt 0.187500 0.500000
vt 0.125000 0.687500
vt 0.125000 0.750000
vt 0.750000 0.500000
vt 0.812500 0.500000
vt 0.875000 0.500000
vt 0.687500 0.500000
s 0
usemtl 材质.005
f 264/228/192 195/229/192 170/230/192 208/231/192
f 263/232/193 198/233/193 174/234/193 211/235/193
f 262/236/194 201/237/194 172/238/194 214/239/194
f 261/240/195 204/241/195 168/242/195 194/243/195
f 260/244/196 212/245/196 171/246/196 203/247/196
f 259/248/197 207/249/197 168/250/197 204/251/197
f 258/252/198 217/253/198 186/254/198 216/255/198
f 257/256/199 218/257/199 187/258/199 219/259/199
f 256/260/200 195/261/200 177/262/200 220/263/200
f 255/264/201 221/265/201 185/266/201 215/267/201
f 254/268/202 222/269/202 188/270/202 223/271/202
f 253/272/203 200/273/203 182/274/203 224/275/203
f 252/276/204 225/277/204 176/278/204 206/279/204
f 251/280/205 226/281/205 189/282/205 227/283/205
f 250/284/206 216/285/206 186/286/206 228/287/206
f 249/288/207 229/289/207 184/290/207 202/291/207
f 248/292/208 230/293/208 190/294/208 231/295/208
f 247/296/209 213/297/209 183/298/209 232/299/209
f 246/300/210 233/301/210 181/302/210 199/303/210
f 245/304/211 234/305/211 191/306/211 235/307/211
f 244/308/212 210/309/212 180/310/212 236/311/212
f 243/312/213 237/313/213 178/314/213 196/315/213
f 242/316/214 238/317/214 192/318/214 239/319/214
f 241/320/215 207/321/215 177/322/215 240/323/215
f 238/317/216 241/320/216 240/323/216 192/318/216
f 176/324/217 194/325/217 241/320/217 238/317/217
f 194/325/218 168/326/218 207/321/218 241/320/218
f 193/327/219 242/316/219 239/319/219 175/328/219
f 167/329/220 206/330/220 242/316/220 193/327/220
f 206/330/221 176/324/221 238/317/221 242/316/221
f 205/331/222 243/312/222 196/315/222 169/332/222
f 175/328/223 239/319/223 243/312/223 205/331/223
f 239/319/224 192/318/224 237/313/224 243/312/224
f 234/305/225 244/308/225 236/311/225 191/306/225
f 178/314/226 208/231/226 244/308/226 234/305/226
f 208/231/227 170/230/227 210/309/227 244/308/227
f 197/333/228 245/304/228 235/307/228 179/334/228
f 169/332/229 196/315/229 245/304/229 197/333/229
f 196/315/230 178/314/230 234/305/230 245/304/230
f 209/335/231 246/300/231 199/303/231 173/336/231
f 179/334/232 235/307/232 246/300/232 209/335/232
f 235/307/233 191/306/233 233/301/233 246/300/233
f 230/293/234 247/296/234 232/299/234 190/294/234
f 181/302/235 211/235/235 247/296/235 230/293/235
f 211/235/236 174/234/236 213/297/236 247/296/236
f 200/273/237 248/292/237 231/295/237 182/274/237
f 173/336/238 199/303/238 248/292/238 200/273/238
f 199/303/239 181/302/239 230/293/239 248/292/239
f 212/245/240 249/288/240 202/291/240 171/246/240
f 182/274/241 231/295/241 249/288/241 212/245/241
f 231/295/242 190/294/242 229/289/242 249/288/242
f 226/281/243 250/284/243 228/287/243 189/282/243
f 184/290/244 214/239/244 250/284/244 226/281/244
f 214/239/245 172/238/245 216/285/245 250/284/245
f 203/337/246 251/280/246 227/283/246 185/338/246
f 171/246/247 202/291/247 251/280/247 203/337/247
f 202/291/248 184/290/248 226/281/248 251/280/248
f 215/339/249 252/276/249 206/279/249 167/340/249
f 185/338/250 227/283/250 252/276/250 215/339/250
f 227/283/251 189/282/251 225/277/251 252/276/251
f 222/269/252 253/272/252 224/275/252 188/270/252
f 179/341/253 209/342/253 253/272/253 222/269/253
f 209/342/254 173/336/254 200/273/254 253/272/254
f 205/343/255 254/268/255 223/271/255 175/344/255
f 169/345/256 197/346/256 254/268/256 205/343/256
f 197/346/257 179/341/257 222/269/257 254/268/257
f 193/347/258 255/264/258 215/267/258 167/348/258
f 175/344/259 223/271/259 255/264/259 193/347/259
f 223/271/260 188/270/260 221/265/260 255/264/260
f 218/257/261 256/260/261 220/263/261 187/258/261
f 180/349/262 210/350/262 256/260/262 218/257/262
f 210/350/263 170/351/263 195/261/263 256/260/263
f 213/297/264 257/256/264 219/259/264 183/298/264
f 174/234/265 198/352/265 257/256/265 213/297/265
f 198/352/266 180/349/266 218/257/266 257/256/266
f 201/237/267 258/252/267 216/255/267 172/238/267
f 183/298/268 219/259/268 258/252/268 201/237/268
f 219/259/269 187/258/269 217/253/269 258/252/269
f 217/253/270 259/248/270 204/251/270 186/254/270
f 187/258/271 220/263/271 259/248/271 217/253/271
f 220/263/272 177/262/272 207/249/272 259/248/272
f 221/265/273 260/244/273 203/247/273 185/266/273
f 188/270/274 224/275/274 260/244/274 221/265/274
f 224/275/275 182/274/275 212/245/275 260/244/275
f 225/277/276 261/240/276 194/243/276 176/278/276
f 189/282/277 228/287/277 261/240/277 225/277/277
f 228/287/278 186/286/278 204/241/278 261/240/278
f 229/289/279 262/236/279 214/239/279 184/290/279
f 190/294/280 232/299/280 262/236/280 229/289/280
f 232/299/281 183/298/281 201/237/281 262/236/281
f 233/301/282 263/232/282 211/235/282 181/302/282
f 191/306/283 236/311/283 263/232/283 233/301/283
f 236/311/284 180/310/284 198/233/284 263/232/284
f 237/313/285 264/228/285 208/231/285 178/314/285
f 192/318/286 240/323/286 264/228/286 237/313/286
f 240/323/287 177/322/287 195/229/287 264/228/287
o 环体
v 0.036131 1.131464 0.034798
v 0.012633 1.290312 0.048048
v 0.058068 0.836899 0.022014
v 0.009075 1.006278 -0.062556
v -0.026216 1.271809 -0.028552
v -0.000134 0.828761 -0.057549
v -0.102856 1.006278 -0.108919
v -0.096800 1.270399 -0.070820
v -0.099378 0.828364 -0.099610
v -0.214786 1.006278 -0.062556
v -0.195217 1.273178 -0.051355
v -0.205197 0.826269 -0.059180
v -0.239176 0.904543 0.053469
v -0.205172 1.270980 0.047244
v -0.234451 0.822318 0.060376
v -0.214786 1.006278 0.161305
v -0.197567 1.269117 0.150560
v -0.205536 0.815316 0.147211
v -0.082392 1.066959 0.193310
v -0.101622 1.268869 0.166996
v -0.108492 0.811680 0.187131
v -0.007760 1.094419 0.135040
v -0.020892 1.270520 0.117667
v -0.012842 0.828334 0.114410
vn 0.8656 0.1723 -0.4702
vn -0.8374 -0.0998 0.5374
vn 0.8909 0.0315 -0.4531
vn 0.4313 0.1450 -0.8905
vn -0.4431 -0.0701 0.8938
vn 0.3859 -0.0433 -0.9215
vn -0.2959 0.1025 -0.9497
vn 0.2810 -0.0435 0.9587
vn -0.3695 -0.0464 -0.9281
vn -0.9895 0.0846 -0.1174
vn 0.9836 -0.0421 0.1756
vn -0.9667 -0.0625 -0.2482
vn -0.9904 0.0836 0.1105
vn 0.9808 -0.0425 -0.1904
vn -0.9556 -0.0565 0.2892
vn -0.2262 0.0765 0.9711
vn 0.2798 -0.0222 -0.9598
vn -0.2916 -0.0324 0.9560
vn 0.5454 0.1422 0.8260
vn -0.5678 -0.0162 -0.8230
vn 0.6204 -0.0772 0.7805
vn 0.8917 0.1029 0.4408
vn -0.8375 -0.0322 -0.5455
vn 0.8595 -0.0046 0.5111
vt 0.500000 0.666667
vt 0.625000 0.666667
vt 0.625000 1.000000
vt 0.500000 1.000000
vt 0.500000 0.000000
vt 0.625000 0.000000
vt 0.625000 0.333333
vt 0.500000 0.333333
vt 0.750000 0.666667
vt 0.750000 1.000000
vt 0.750000 0.000000
vt 0.750000 0.333333
vt 0.875000 0.666667
vt 0.875000 1.000000
vt 0.875000 0.000000
vt 0.875000 0.333333
vt 1.000000 0.666667
vt 1.000000 1.000000
vt 1.000000 0.000000
vt 1.000000 0.333333
vt 0.000000 0.666667
vt 0.125000 0.666667
vt 0.125000 1.000000
vt 0.000000 1.000000
vt 0.000000 0.000000
vt 0.125000 0.000000
vt 0.125000 0.333333
vt 0.000000 0.333333
vt 0.250000 0.666667
vt 0.250000 1.000000
vt 0.250000 0.000000
vt 0.250000 0.333333
vt 0.375000 0.666667
vt 0.375000 1.000000
vt 0.375000 0.000000
vt 0.375000 0.333333
s 0
usemtl 材质.002
f 265/353/288 268/354/288 269/355/288 266/356/288
f 266/357/289 269/358/289 270/359/289 267/360/289
f 267/360/290 270/359/290 268/354/290 265/353/290
f 268/354/291 271/361/291 272/362/291 269/355/291
f 269/358/292 272/363/292 273/364/292 270/359/292
f 270/359/293 273/364/293 271/361/293 268/354/293
f 271/361/294 274/365/294 275/366/294 272/362/294
f 272/363/295 275/367/295 276/368/295 273/364/295
f 273/364/296 276/368/296 274/365/296 271/361/296
f 274/365/297 277/369/297 278/370/297 275/366/297
f 275/367/298 278/371/298 279/372/298 276/368/298
f 276/368/299 279/372/299 277/369/299 274/365/299
f 277/373/300 280/374/300 281/375/300 278/376/300
f 278/377/301 281/378/301 282/379/301 279/380/301
f 279/380/302 282/379/302 280/374/302 277/373/302
f 280/374/303 283/381/303 284/382/303 281/375/303
f 281/378/304 284/383/304 285/384/304 282/379/304
f 282/379/305 285/384/305 283/381/305 280/374/305
f 283/381/306 286/385/306 287/386/306 284/382/306
f 284/383/307 287/387/307 288/388/307 285/384/307
f 285/384/308 288/388/308 286/385/308 283/381/308
f 286/385/309 265/353/309 266/356/309 287/386/309
f 287/387/310 266/357/310 267/360/310 288/388/310
f 288/388/311 267/360/311 265/353/311 286/385/311
o 环体.001
v 0.036131 1.131464 -0.403181
v 0.019314 1.277260 -0.392481
v 0.058068 0.836899 -0.415965
v 0.009075 1.006278 -0.500535
v -0.026318 1.269620 -0.466175
v -0.000134 0.828761 -0.495528
v -0.102856 1.006278 -0.546898
v -0.097618 1.272760 -0.499901
v -0.099378 0.828364 -0.537589
v -0.214786 1.006278 -0.500535
v -0.193546 1.271285 -0.475685
v -0.205197 0.826269 -0.497159
v -0.239176 0.904543 -0.384509
v -0.192293 1.272125 -0.379810
v -0.234451 0.822318 -0.377603
v -0.214786 1.006278 -0.276674
v -0.177248 1.269385 -0.299946
v -0.205536 0.815316 -0.290767
v -0.082392 1.066959 -0.244668
v -0.100843 1.271274 -0.275099
v -0.108492 0.811680 -0.250847
v -0.007760 1.094419 -0.302939
v -0.021991 1.276091 -0.314598
v -0.012842 0.828334 -0.323569
vn 0.8560 0.1633 -0.4905
vn -0.8197 -0.0943 0.5650
vn 0.8909 0.0315 -0.4531
vn 0.3976 0.1613 -0.9033
vn -0.4059 -0.0801 0.9104
vn 0.3859 -0.0433 -0.9215
vn -0.3191 0.1426 -0.9369
vn 0.3055 -0.0678 0.9498
vn -0.3695 -0.0464 -0.9281
vn -0.9924 0.1095 -0.0562
vn 0.9898 -0.0623 0.1278
vn -0.9667 -0.0625 -0.2482
vn -0.9816 0.1354 0.1348
vn 0.9628 -0.0783 -0.2585
vn -0.9556 -0.0565 0.2892
vn -0.2944 0.1209 0.9480
vn 0.3490 -0.0480 -0.9359
vn -0.2916 -0.0324 0.9560
vn 0.5118 0.1358 0.8483
vn -0.5395 -0.0151 -0.8418
vn 0.6204 -0.0772 0.7805
vn 0.8915 0.0858 0.4448
vn -0.8341 -0.0248 -0.5511
vn 0.8595 -0.0046 0.5111
vt 0.500000 0.666667
vt 0.625000 0.666667
vt 0.625000 1.000000
vt 0.500000 1.000000
vt 0.500000 0.000000
vt 0.625000 0.000000
vt 0.625000 0.333333
vt 0.500000 0.333333
vt 0.750000 0.666667
vt 0.750000 1.000000
vt 0.750000 0.000000
vt 0.750000 0.333333
vt 0.875000 0.666667
vt 0.875000 1.000000
vt 0.875000 0.000000
vt 0.875000 0.333333
vt 1.000000 0.666667
vt 1.000000 1.000000
vt 1.000000 0.000000
vt 1.000000 0.333333
vt 0.000000 0.666667
vt 0.125000 0.666667
vt 0.125000 1.000000
vt 0.000000 1.000000
vt 0.000000 0.000000
vt 0.125000 0.000000
vt 0.125000 0.333333
vt 0.000000 0.333333
vt 0.250000 0.666667
vt 0.250000 1.000000
vt 0.250000 0.000000
vt 0.250000 0.333333
vt 0.375000 0.666667
vt 0.375000 1.000000
vt 0.375000 0.000000
vt 0.375000 0.333333
s 0
usemtl 材质.002
f 289/389/312 292/390/312 293/391/312 290/392/312
f 290/393/313 293/394/313 294/395/313 291/396/313
f 291/396/314 294/395/314 292/390/314 289/389/314
f 292/390/315 295/397/315 296/398/315 293/391/315
f 293/394/316 296/399/316 297/400/316 294/395/316
f 294/395/317 297/400/317 295/397/317 292/390/317
f 295/397/318 298/401/318 299/402/318 296/398/318
f 296/399/319 299/403/319 300/404/319 297/400/319
f 297/400/320 300/404/320 298/401/320 295/397/320
f 298/401/321 301/405/321 302/406/321 299/402/321
f 299/403/322 302/407/322 303/408/322 300/404/322
f 300/404/323 303/408/323 301/405/323 298/401/323
f 301/409/324 304/410/324 305/411/324 302/412/324
f 302/413/325 305/414/325 306/415/325 303/416/325
f 303/416/326 306/415/326 304/410/326 301/409/326
f 304/410/327 307/417/327 308/418/327 305/411/327
f 305/414/328 308/419/328 309/420/328 306/415/328
f 306/415/329 309/420/329 307/417/329 304/410/329
f 307/417/330 310/421/330 311/422/330 308/418/330
f 308/419/331 311/423/331 312/424/331 309/420/331
f 309/420/332 312/424/332 310/421/332 307/417/332
f 310/421/333 289/389/333 290/392/333 311/422/333
f 311/423/334 290/393/334 291/396/334 312/424/334
f 312/424/335 291/396/335 289/389/335 310/421/335
o 立方体.004
v -0.201341 1.254479 0.147949
v -0.193499 1.459511 0.125001
v -0.192114 1.266946 -0.474750
v -0.194345 1.465662 -0.452414
v -0.018697 1.269486 0.108945
v 0.015443 1.472391 0.119699
v -0.017175 1.268980 -0.460756
v 0.008130 1.469764 -0.454198
v -0.210909 1.264696 -0.166747
v -0.197166 1.365264 0.132004
v -0.228063 1.447509 -0.166752
v -0.197166 1.365264 -0.472007
v -0.095860 1.260328 -0.500441
v -0.083016 1.452676 -0.500528
v 0.030227 1.365264 -0.472007
v 0.030227 1.270591 -0.170001
v 0.052027 1.463823 -0.169853
v 0.030227 1.365264 0.132004
v -0.073689 1.265772 0.151088
v -0.088585 1.454187 0.162446
v -0.083469 1.459936 -0.170001
v -0.083469 1.270591 -0.170001
v -0.092425 1.355240 0.169396
v 0.030227 1.365264 -0.170001
v -0.098786 1.350068 -0.502512
v -0.222698 1.350462 -0.157130
v -0.207122 1.253617 0.029221
v -0.197166 1.412600 0.132004
v -0.222861 1.455284 -0.322246
v -0.197166 1.317927 -0.472007
v -0.146047 1.260444 -0.484602
v -0.028297 1.459395 -0.485451
v 0.008735 1.308067 -0.444485
v -0.016873 1.272164 -0.330885
v 0.046465 1.470685 -0.010585
v 0.030227 1.317927 0.132004
v -0.030255 1.267946 0.120068
v -0.143027 1.452870 0.156801
v -0.197166 1.317927 0.132004
v -0.216560 1.453495 -0.017083
v -0.197166 1.412600 -0.472007
v -0.026621 1.270591 -0.472007
v -0.149553 1.460569 -0.487584
v 0.030227 1.412600 -0.472007
v -0.037120 1.268114 -0.026431
v 0.033432 1.467342 -0.310702
v 0.030227 1.412600 0.132004
v -0.098454 1.267455 0.166841
v -0.028137 1.453204 0.151869
v -0.083469 1.459936 -0.018999
v -0.083469 1.459936 -0.321004
v -0.026621 1.459936 -0.170001
v -0.140318 1.459936 -0.170001
v -0.083469 1.270591 -0.018999
v -0.083469 1.270591 -0.321004
v -0.140318 1.270591 -0.170001
v -0.026621 1.270591 -0.170001
v -0.155662 1.358729 0.159871
v -0.032159 1.353216 0.158197
v -0.081411 1.308470 0.165682
v -0.091739 1.402743 0.172287
v 0.030227 1.365264 -0.018999
v 0.030227 1.365264 -0.321004
v 0.030227 1.317927 -0.170001
v 0.030227 1.412600 -0.170001
v -0.039229 1.355253 -0.499330
v -0.155432 1.354900 -0.498638
v -0.101198 1.301238 -0.501438
v -0.098255 1.399359 -0.506738
v -0.216295 1.353764 -0.012927
v -0.228781 1.299140 -0.161289
v -0.223189 1.398265 -0.157359
v -0.211325 1.404244 -0.015648
v -0.214710 1.306702 -0.010883
v -0.157397 1.404768 -0.493711
v -0.157654 1.309132 -0.491366
v -0.053815 1.307731 -0.492429
v 0.030227 1.412600 -0.321004
v 0.030227 1.317927 -0.321004
v 0.030227 1.317927 -0.018999
v -0.029466 1.402781 0.162214
v -0.022742 1.313905 0.151218
v -0.153500 1.311370 0.156164
v -0.026621 1.270591 -0.321004
v -0.140318 1.270591 -0.321004
v -0.140318 1.270591 -0.018999
v -0.140318 1.459936 -0.321004
v -0.026621 1.459936 -0.321004
v -0.026621 1.459936 -0.018999
v -0.140318 1.459936 -0.018999
v -0.026621 1.270591 -0.018999
v -0.155059 1.406088 0.158830
v 0.030227 1.412600 -0.018999
v -0.038653 1.404919 -0.495578
v -0.215260 1.408851 -0.316772
v -0.025987 0.905598 -0.233965
vn -0.9864 -0.0244 -0.1623
vn 0.4100 0.2618 -0.8737
vn 0.9939 -0.0086 0.1097
vn -0.5105 0.1668 0.8435
vn -0.4449 -0.8954 0.0198
vn 0.0008 1.0000 0.0033
vn 0.0116 0.9993 0.0356
vn -0.0000 1.0000 -0.0000
vn -0.0995 0.9948 0.0235
vn -0.0242 -0.9995 -0.0188
vn -0.0000 -1.0000 -0.0000
vn 0.0224 -0.9997 -0.0084
vn -0.5258 -0.0453 0.8494
vn 0.2123 -0.0707 0.9746
vn 0.1645 0.1848 0.9689
vn 1.0000 -0.0000 -0.0000
vn 0.9726 -0.2231 -0.0647
vn 0.4745 -0.4181 -0.7746
vn -0.1309 -0.0807 -0.9881
vn -0.1850 0.1489 -0.9714
vn -0.9967 0.0441 0.0676
vn -0.9922 -0.0927 0.0834
vn -0.9969 0.0473 0.0622
vn -0.9926 0.0535 0.1093
vn -0.9918 -0.0050 0.1277
vn -0.9640 -0.2618 0.0470
vn -0.9960 0.0132 0.0882
vn -0.9917 -0.0139 0.1275
vn -0.1440 0.0049 -0.9896
vn -0.5043 0.0335 -0.8629
vn -0.5151 0.2445 -0.8215
vn -0.2433 -0.1293 -0.9613
vn -0.3366 -0.0941 -0.9369
vn -0.5017 -0.0554 -0.8632
vn 0.6344 -0.0314 -0.7723
vn 0.3195 -0.1246 -0.9394
vn 0.1238 -0.1035 -0.9869
vn 0.9791 0.1860 -0.0826
vn 0.8897 -0.4356 -0.1366
vn 0.7625 -0.6462 -0.0323
vn 0.9735 -0.2182 -0.0684
vn 0.6508 -0.7583 -0.0382
vn 0.8022 -0.5698 0.1786
vn 0.1694 -0.0758 0.9826
vn 0.4262 -0.0493 0.9033
vn 0.4543 0.2322 0.8601
vn 0.3952 -0.4205 0.8167
vn 0.3769 -0.6203 0.6879
vn 0.3702 -0.0345 0.9283
vn -0.2845 0.1016 0.9533
vn 0.0643 0.0015 0.9979
vn -0.1432 -0.0977 0.9849
vn 0.0748 -0.9968 0.0282
vn -0.0028 -0.9999 0.0113
vn 0.0077 -0.9982 0.0590
vn 0.1681 -0.9852 -0.0336
vn 0.1520 -0.9878 -0.0332
vn 0.0617 0.9979 -0.0207
vn 0.0136 0.9992 0.0380
vn -0.0824 0.9964 0.0173
vn -0.1906 0.9814 0.0227
vn -0.0571 0.9981 -0.0224
vn -0.2506 0.9680 -0.0109
vn -0.0947 0.9952 -0.0237
vn -0.0136 0.9993 0.0355
vn -0.1148 0.9933 -0.0154
vn 0.0141 -0.9996 -0.0244
vn -0.0568 -0.9982 -0.0214
vn -0.5460 0.0127 0.8377
vn -0.1795 -0.0167 0.9836
vn -0.1561 0.1422 0.9774
vn 0.9436 -0.3303 0.0242
vn 0.3412 0.0343 -0.9394
vn 0.1200 -0.0061 -0.9928
vn 0.2127 0.0968 -0.9723
vn -0.9894 -0.1366 -0.0492
vt 0.562500 0.187500
vt 0.625000 0.187500
vt 0.625000 0.250000
vt 0.562500 0.250000
vt 0.562500 0.437500
vt 0.625000 0.437500
vt 0.625000 0.500000
vt 0.562500 0.500000
vt 0.562500 0.687500
vt 0.625000 0.687500
vt 0.625000 0.750000
vt 0.562500 0.750000
vt 0.562500 0.937500
vt 0.625000 0.937500
vt 0.625000 1.000000
vt 0.562500 1.000000
vt 0.312500 0.687500
vt 0.375000 0.687500
vt 0.375000 0.750000
vt 0.312500 0.750000
vt 0.812500 0.687500
vt 0.875000 0.687500
vt 0.875000 0.750000
vt 0.812500 0.750000
vt 0.687500 0.687500
vt 0.750000 0.687500
vt 0.750000 0.750000
vt 0.687500 0.750000
vt 0.687500 0.562500
vt 0.750000 0.562500
vt 0.750000 0.625000
vt 0.687500 0.625000
vt 0.812500 0.562500
vt 0.875000 0.562500
vt 0.875000 0.625000
vt 0.812500 0.625000
vt 0.187500 0.687500
vt 0.250000 0.687500
vt 0.250000 0.750000
vt 0.187500 0.750000
vt 0.187500 0.562500
vt 0.250000 0.562500
vt 0.250000 0.625000
vt 0.187500 0.625000
vt 0.312500 0.562500
vt 0.375000 0.562500
vt 0.375000 0.625000
vt 0.312500 0.625000
vt 0.437500 0.937500
vt 0.500000 0.937500
vt 0.500000 1.000000
vt 0.437500 1.000000
vt 0.437500 0.812500
vt 0.500000 0.812500
vt 0.500000 0.875000
vt 0.437500 0.875000
vt 0.562500 0.812500
vt 0.625000 0.812500
vt 0.625000 0.875000
vt 0.562500 0.875000
vt 0.437500 0.687500
vt 0.500000 0.687500
vt 0.500000 0.750000
vt 0.437500 0.750000
vt 0.437500 0.562500
vt 0.500000 0.562500
vt 0.500000 0.625000
vt 0.437500 0.625000
vt 0.562500 0.562500
vt 0.625000 0.562500
vt 0.625000 0.625000
vt 0.562500 0.625000
vt 0.437500 0.437500
vt 0.500000 0.437500
vt 0.500000 0.500000
vt 0.437500 0.500000
vt 0.437500 0.312500
vt 0.500000 0.312500
vt 0.500000 0.375000
vt 0.437500 0.375000
vt 0.562500 0.312500
vt 0.625000 0.312500
vt 0.625000 0.375000
vt 0.562500 0.375000
vt 0.437500 0.062500
vt 0.500000 0.062500
vt 0.500000 0.125000
vt 0.437500 0.125000
vt 0.562500 0.062500
vt 0.625000 0.062500
vt 0.625000 0.125000
vt 0.562500 0.125000
vt 0.500000 0.000000
vt 0.562500 0.000000
vt 0.625000 0.000000
vt 0.375000 0.062500
vt 0.375000 0.125000
vt 0.375000 0.000000
vt 0.437500 0.000000
vt 0.500000 0.250000
vt 0.375000 0.312500
vt 0.375000 0.375000
vt 0.375000 0.250000
vt 0.437500 0.250000
vt 0.375000 0.437500
vt 0.375000 0.500000
vt 0.375000 0.812500
vt 0.375000 0.875000
vt 0.375000 0.937500
vt 0.375000 1.000000
vt 0.250000 0.500000
vt 0.312500 0.500000
vt 0.187500 0.500000
vt 0.125000 0.687500
vt 0.125000 0.750000
vt 0.125000 0.625000
vt 0.750000 0.500000
vt 0.812500 0.500000
vt 0.875000 0.500000
vt 0.687500 0.500000
s 0
usemtl 材质.002
f 407/425/336 341/426/336 316/427/336 353/428/336
f 406/429/337 344/430/337 320/431/337 356/432/337
f 405/433/338 347/434/338 318/435/338 359/436/338
f 404/437/339 350/438/339 314/439/339 340/440/339
f 403/441/340 357/442/340 317/443/340 349/444/340
f 402/445/341 352/446/341 314/447/341 350/448/341
f 401/449/342 362/450/342 332/451/342 361/452/342
f 400/453/343 363/454/343 333/455/343 364/456/343
f 399/457/344 341/458/344 323/459/344 365/460/344
f 398/461/345 366/462/345 331/463/345 360/464/345
f 397/465/346 367/466/346 334/467/346 368/468/346
f 396/469/347 346/470/347 328/471/347 369/472/347
f 395/473/348 370/474/348 322/475/348 351/476/348
f 394/477/349 371/478/349 335/479/349 372/480/349
f 393/481/350 361/482/350 332/483/350 373/484/350
f 392/485/351 374/486/351 330/487/351 348/488/351
f 391/489/351 375/490/351 336/491/351 376/492/351
f 390/493/352 358/494/352 329/495/352 377/496/352
f 389/497/353 378/498/353 327/499/353 345/500/353
f 388/501/354 379/502/354 337/503/354 380/504/354
f 387/505/355 355/506/355 326/507/355 381/508/355
f 386/509/356 382/510/356 338/511/356 383/512/356
f 385/513/357 352/514/357 323/515/357 384/516/357
f 382/510/358 385/513/358 384/516/358 338/511/358
f 322/517/359 340/518/359 385/513/359 382/510/359
f 340/518/360 314/519/360 352/514/360 385/513/360
f 339/520/361 386/509/361 383/512/361 321/521/361
f 313/522/362 351/523/362 386/509/362 339/520/362
f 351/523/363 322/517/363 382/510/363 386/509/363
f 379/502/364 387/505/364 381/508/364 337/503/364
f 324/524/365 353/428/365 387/505/365 379/502/365
f 353/428/366 316/427/366 355/506/366 387/505/366
f 343/525/367 388/501/367 380/504/367 325/526/367
f 315/527/368 342/528/368 388/501/368 343/525/368
f 342/528/369 324/524/369 379/502/369 388/501/369
f 354/529/370 389/497/370 345/500/370 319/530/370
f 325/526/371 380/504/371 389/497/371 354/529/371
f 380/504/372 337/503/372 378/498/372 389/497/372
f 375/490/351 390/493/351 377/496/351 336/491/351
f 327/499/351 356/432/351 390/493/351 375/490/351
f 356/432/373 320/431/373 358/494/373 390/493/373
f 346/470/374 391/489/374 376/492/374 328/471/374
f 319/530/375 345/500/375 391/489/375 346/470/375
f 345/500/376 327/499/376 375/490/376 391/489/376
f 357/442/377 392/485/377 348/488/377 317/443/377
f 328/471/378 376/492/378 392/485/378 357/442/378
f 376/492/351 336/491/351 374/486/351 392/485/351
f 371/478/379 393/481/379 373/484/379 335/479/379
f 330/487/380 359/436/380 393/481/380 371/478/380
f 359/436/381 318/435/381 361/482/381 393/481/381
f 349/531/382 394/477/382 372/480/382 331/532/382
f 317/443/383 348/488/383 394/477/383 349/531/383
f 348/488/384 330/487/384 371/478/384 394/477/384
f 360/533/385 395/473/385 351/476/385 313/534/385
f 331/532/386 372/480/386 395/473/386 360/533/386
f 372/480/387 335/479/387 370/474/387 395/473/387
f 367/466/346 396/469/346 369/472/346 334/467/346
f 325/535/388 354/536/388 396/469/388 367/466/388
f 354/536/389 319/530/389 346/470/389 396/469/389
f 343/537/390 325/535/390 367/466/390 397/465/390
f 339/538/391 398/461/391 360/464/391 313/539/391
f 321/540/392 368/468/392 398/461/392 339/538/392
f 368/468/346 334/467/346 366/462/346 398/461/346
f 363/454/343 399/457/343 365/460/343 333/455/343
f 326/541/393 355/542/393 399/457/393 363/454/393
f 355/542/394 316/543/394 341/458/394 399/457/394
f 358/494/395 400/453/395 364/456/395 329/495/395
f 320/431/396 344/544/396 400/453/396 358/494/396
f 344/544/397 326/541/397 363/454/397 400/453/397
f 347/434/398 401/449/398 361/452/398 318/435/398
f 329/495/399 364/456/399 401/449/399 347/434/399
f 364/456/343 333/455/343 362/450/343 401/449/343
f 362/450/400 402/445/400 350/448/400 332/451/400
f 333/455/343 365/460/343 402/445/343 362/450/343
f 365/460/401 323/459/401 352/446/401 402/445/401
f 366/462/402 403/441/402 349/444/402 331/463/402
f 334/467/346 369/472/346 403/441/346 366/462/346
f 369/472/403 328/471/403 357/442/403 403/441/403
f 370/474/404 404/437/404 340/440/404 322/475/404
f 335/479/405 373/484/405 404/437/405 370/474/405
f 373/484/406 332/483/406 350/438/406 404/437/406
f 374/486/351 405/433/351 359/436/351 330/487/351
f 336/491/351 377/496/351 405/433/351 374/486/351
f 377/496/407 329/495/407 347/434/407 405/433/407
f 378/498/408 406/429/408 356/432/408 327/499/408
f 337/503/409 381/508/409 406/429/409 378/498/409
f 381/508/410 326/507/410 344/430/410 406/429/410
f 384/516/411 323/515/411 341/426/411 407/425/411
l 407 408
o 环体.002
v 0.043759 2.005162 -0.168271
v 0.051314 2.187551 -0.151008
v 0.033357 1.430981 -0.172905
v 0.006847 1.905274 -0.419998
v -0.011218 2.321257 -0.357738
v -0.008381 1.430981 -0.425629
v -0.102074 1.838347 -0.484775
v -0.103264 2.308390 -0.364191
v -0.091205 1.462821 -0.487299
v -0.233088 1.838663 -0.456553
v -0.186166 2.307659 -0.374770
v -0.209906 1.430981 -0.425628
v -0.263721 1.760860 -0.171669
v -0.251644 2.324225 -0.172905
v -0.238641 1.417799 -0.178646
v -0.225816 1.877603 0.119723
v -0.209906 2.324225 0.079819
v -0.209906 1.430981 0.079819
v -0.114885 2.052194 0.203673
v -0.108859 2.322086 0.141505
v -0.109144 1.430981 0.184501
v 0.040757 1.974608 0.066898
v 0.028120 2.290433 0.023978
v -0.008381 1.430981 0.079819
v 0.045772 2.123706 -0.156014
v 0.025303 1.955218 -0.294134
v -0.005765 2.108271 -0.406325
v 0.013859 2.303329 -0.263350
v 0.040571 1.836616 -0.158331
v -0.007561 1.870103 -0.416786
v 0.012488 1.430981 -0.299267
v 0.038558 1.718071 -0.170588
v -0.000767 1.668128 -0.422813
v -0.047614 1.871811 -0.452386
v -0.102985 2.020806 -0.481182
v -0.055426 2.304729 -0.384498
v -0.091899 1.832829 -0.479653
v -0.055561 1.451045 -0.473347
v -0.093637 1.642156 -0.474475
v -0.167581 1.838505 -0.470664
v -0.221497 2.081444 -0.441091
v -0.157030 2.307347 -0.394646
v -0.209906 1.877603 -0.425628
v -0.156324 1.451045 -0.473346
v -0.221497 1.634822 -0.441091
v -0.248404 1.799762 -0.314111
v -0.257682 2.042542 -0.172287
v -0.224193 2.320894 -0.289831
v -0.245142 1.871012 -0.175775
v -0.224274 1.424390 -0.302137
v -0.251181 1.589330 -0.175157
v -0.244769 1.819232 -0.025973
v -0.217861 2.100914 0.099771
v -0.230775 2.324225 -0.046543
v -0.209906 1.877603 0.079819
v -0.224274 1.424390 -0.049413
v -0.217861 1.654292 0.099771
v -0.170351 1.964898 0.161698
v -0.119694 2.189862 0.182419
v -0.159525 2.324225 0.132160
v -0.109144 1.877603 0.184501
v -0.159525 1.430981 0.132160
v -0.112014 1.741587 0.194087
v -0.037064 2.013401 0.135286
v 0.034463 2.125173 0.063712
v -0.040833 2.301197 0.113368
v 0.009894 1.853359 0.070173
v -0.058762 1.430981 0.132160
v 0.016188 1.702795 0.073358
v 0.042258 1.989885 -0.050687
v 0.048464 2.187640 -0.080560
v 0.012488 1.430981 -0.046543
v 0.027373 1.710433 -0.048615
v 0.025233 1.844988 -0.044079
v 0.041164 2.124439 -0.059076
v -0.047913 1.722191 0.133723
v -0.049625 1.865481 0.127337
v -0.038776 2.156691 0.128900
v -0.164938 1.697940 0.146929
v -0.159525 1.877603 0.132160
v -0.164938 2.144562 0.146929
v -0.234521 1.621811 -0.037693
v -0.227524 1.874308 -0.047978
v -0.237772 2.071728 -0.036258
v -0.236339 1.612076 -0.308124
v -0.227524 1.874308 -0.300702
v -0.239590 2.061993 -0.306689
v -0.161953 1.644775 -0.472005
v -0.156942 1.858386 -0.469802
v -0.162571 2.052116 -0.468461
v -0.051587 1.661428 -0.462867
v -0.055769 1.854636 -0.465380
v -0.051796 2.065019 -0.454900
v 0.018895 1.693099 -0.296701
v 0.016505 1.853360 -0.287558
v 0.022913 2.115478 -0.284992
vn 0.9684 0.0767 -0.2375
vn -0.9849 0.0014 0.1732
vn 0.9895 -0.0263 -0.1419
vn -0.0798 0.3333 -0.9394
vn -0.3636 -0.0192 0.9314
vn 0.4126 0.0049 -0.9109
vn -0.3755 0.2883 -0.8808
vn 0.6531 -0.0027 0.7573
vn -0.3351 -0.0479 -0.9410
vn -0.9835 0.0443 -0.1754
vn 0.9917 0.0101 0.1281
vn -0.9899 -0.0687 -0.1238
vn -0.9880 0.0405 0.1490
vn 0.9923 0.0038 -0.1236
vn -0.9885 -0.0534 0.1415
vn -0.4814 0.1783 0.8582
vn 0.7205 -0.0000 -0.6935
vn -0.6037 -0.0422 0.7961
vn 0.7474 0.1363 0.6502
vn -0.7052 0.0106 -0.7089
vn 0.6635 -0.0352 0.7473
vn 0.9945 -0.0947 0.0448
vn -0.9884 0.0272 -0.1497
vn 0.9981 -0.0354 0.0495
vn 0.9964 -0.0706 0.0460
vn 0.9897 -0.0689 0.1256
vn 0.9913 -0.0352 0.1269
vn -0.9881 0.0354 -0.1499
vn -0.9836 0.0335 -0.1774
vn -0.9940 0.0445 -0.0999
vn 0.9939 0.0245 0.1071
vn 0.9990 0.0273 0.0357
vn 0.9996 -0.0041 0.0282
vn 0.6666 -0.0226 0.7450
vn 0.6994 -0.0225 0.7143
vn 0.6978 -0.0377 0.7153
vn -0.7056 0.0034 -0.7086
vn -0.5638 -0.0476 -0.8246
vn -0.7535 -0.0220 -0.6571
vn 0.5176 0.1552 0.8414
vn 0.6320 0.0904 0.7696
vn 0.6728 0.0424 0.7386
vn -0.5791 -0.0733 0.8119
vn -0.6764 -0.0704 0.7332
vn -0.6842 -0.0405 0.7282
vn 0.5200 -0.0413 -0.8532
vn -0.7094 0.0838 0.6998
vn -0.6919 0.0847 0.7170
vn -0.6750 0.0845 0.7329
vn -0.9871 -0.0670 0.1456
vn -0.9900 -0.0663 0.1249
vn -0.9910 -0.0521 0.1229
vn 0.9922 0.0113 -0.1239
vn 0.9886 0.0114 -0.1499
vn 0.9887 0.0038 -0.1498
vn -0.9882 0.0272 0.1506
vn -0.9914 0.0268 0.1284
vn -0.9914 0.0391 0.1246
vn -0.9901 -0.0666 -0.1233
vn -0.9905 -0.0664 -0.1204
vn -0.9903 -0.0687 -0.1206
vn 0.9918 0.0034 0.1278
vn 0.9649 -0.0480 0.2581
vn 0.9831 0.0007 0.1832
vn -0.9600 0.1418 -0.2416
vn -0.9929 0.0451 -0.1103
vn -0.9931 0.0285 -0.1138
vn -0.1235 -0.0272 -0.9920
vn -0.1244 0.0350 -0.9916
vn -0.5603 -0.0536 -0.8266
vn 0.1785 -0.0139 0.9838
vn -0.2073 -0.2000 0.9576
vn 0.5904 -0.1301 0.7965
vn 0.2294 0.3208 -0.9189
vn -0.2057 0.0164 -0.9785
vn -0.3056 0.0479 -0.9509
vn 0.5643 0.0099 -0.8255
vn 0.6675 0.0048 -0.7446
vn 0.3072 0.0556 -0.9500
vn -0.7108 -0.0135 0.7033
vn -0.6007 -0.1248 0.7897
vn 0.1141 -0.2048 0.9721
vn 0.5322 0.2252 -0.8161
vn 0.6042 0.0480 -0.7954
vn 0.4804 0.0090 -0.8770
vn 0.9894 -0.0196 -0.1438
vn 0.9875 -0.0195 -0.1566
vn 0.9874 -0.0260 -0.1559
vn -0.9848 0.0078 0.1736
vn -0.9691 0.0001 0.2468
vn -0.9772 -0.0263 0.2107
vn 0.9733 0.0376 -0.2265
vn 0.9865 0.0139 -0.1631
vn 0.9786 0.0529 -0.1988
vt 0.562500 0.833333
vt 0.625000 0.833333
vt 0.625000 1.000000
vt 0.562500 1.000000
vt 0.562500 0.166667
vt 0.625000 0.166667
vt 0.625000 0.333333
vt 0.562500 0.333333
vt 0.562500 0.500000
vt 0.625000 0.500000
vt 0.625000 0.666667
vt 0.562500 0.666667
vt 0.687500 0.833333
vt 0.750000 0.833333
vt 0.750000 1.000000
vt 0.687500 1.000000
vt 0.687500 0.166667
vt 0.750000 0.166667
vt 0.750000 0.333333
vt 0.687500 0.333333
vt 0.687500 0.500000
vt 0.750000 0.500000
vt 0.750000 0.666667
vt 0.687500 0.666667
vt 0.812500 0.833333
vt 0.875000 0.833333
vt 0.875000 1.000000
vt 0.812500 1.000000
vt 0.812500 0.166667
vt 0.875000 0.166667
vt 0.875000 0.333333
vt 0.812500 0.333333
vt 0.812500 0.500000
vt 0.875000 0.500000
vt 0.875000 0.666667
vt 0.812500 0.666667
vt 0.937500 0.833333
vt 1.000000 0.833333
vt 1.000000 1.000000
vt 0.937500 1.000000
vt 0.937500 0.166667
vt 1.000000 0.166667
vt 1.000000 0.333333
vt 0.937500 0.333333
vt 0.937500 0.500000
vt 1.000000 0.500000
vt 1.000000 0.666667
vt 0.937500 0.666667
vt 0.062500 0.833333
vt 0.125000 0.833333
vt 0.125000 1.000000
vt 0.062500 1.000000
vt 0.062500 0.166667
vt 0.125000 0.166667
vt 0.125000 0.333333
vt 0.062500 0.333333
vt 0.062500 0.500000
vt 0.125000 0.500000
vt 0.125000 0.666667
vt 0.062500 0.666667
vt 0.187500 0.833333
vt 0.250000 0.833333
vt 0.250000 1.000000
vt 0.187500 1.000000
vt 0.187500 0.166667
vt 0.250000 0.166667
vt 0.250000 0.333333
vt 0.187500 0.333333
vt 0.187500 0.500000
vt 0.250000 0.500000
vt 0.250000 0.666667
vt 0.187500 0.666667
vt 0.312500 0.833333
vt 0.375000 0.833333
vt 0.375000 1.000000
vt 0.312500 1.000000
vt 0.312500 0.166667
vt 0.375000 0.166667
vt 0.375000 0.333333
vt 0.312500 0.333333
vt 0.312500 0.500000
vt 0.375000 0.500000
vt 0.375000 0.666667
vt 0.312500 0.666667
vt 0.437500 0.833333
vt 0.500000 0.833333
vt 0.500000 1.000000
vt 0.437500 1.000000
vt 0.437500 0.166667
vt 0.500000 0.166667
vt 0.500000 0.333333
vt 0.437500 0.333333
vt 0.437500 0.500000
vt 0.500000 0.500000
vt 0.500000 0.666667
vt 0.437500 0.666667
vt 0.375000 0.000000
vt 0.437500 0.000000
vt 0.500000 0.000000
vt 0.250000 0.000000
vt 0.312500 0.000000
vt 0.125000 0.000000
vt 0.187500 0.000000
vt 0.000000 0.500000
vt 0.000000 0.666667
vt 0.000000 0.333333
vt 0.000000 0.166667
vt 0.000000 0.000000
vt 0.062500 0.000000
vt 0.000000 0.833333
vt 0.000000 1.000000
vt 0.875000 0.000000
vt 0.937500 0.000000
vt 1.000000 0.000000
vt 0.750000 0.000000
vt 0.812500 0.000000
vt 0.625000 0.000000
vt 0.687500 0.000000
vt 0.562500 0.000000
s 0
usemtl 材质.001
f 504/545/412 435/546/412 413/547/412 436/548/412
f 503/549/413 438/550/413 414/551/413 439/552/413
f 502/553/414 441/554/414 412/555/414 434/556/414
f 501/557/415 443/558/415 416/559/415 444/560/415
f 500/561/416 445/562/416 417/563/416 446/564/416
f 499/565/417 447/566/417 415/567/417 442/568/417
f 498/569/418 449/570/418 419/571/418 450/572/418
f 497/573/419 451/574/419 420/575/419 452/576/419
f 496/577/420 453/578/420 418/579/420 448/580/420
f 495/581/421 455/582/421 422/583/421 456/584/421
f 494/585/422 457/586/422 423/587/422 458/588/422
f 493/589/423 459/590/423 421/591/423 454/592/423
f 492/593/424 461/594/424 425/595/424 462/596/424
f 491/597/425 463/598/425 426/599/425 464/600/425
f 490/601/426 465/602/426 424/603/426 460/604/426
f 489/605/427 467/606/427 428/607/427 468/608/427
f 488/609/428 469/610/428 429/611/428 470/612/428
f 487/613/429 471/614/429 427/615/429 466/616/429
f 486/617/430 473/618/430 431/619/430 474/620/430
f 485/621/431 475/622/431 432/623/431 476/624/431
f 484/625/432 477/626/432 430/627/432 472/628/432
f 483/629/433 433/630/433 410/631/433 479/632/433
f 482/633/434 437/634/434 411/635/434 480/636/434
f 481/637/435 440/638/435 409/639/435 478/640/435
f 477/626/436 481/637/436 478/640/436 430/627/436
f 432/623/437 480/636/437 481/637/437 477/626/437
f 480/636/438 411/635/438 440/638/438 481/637/438
f 475/622/439 482/633/439 480/636/439 432/623/439
f 431/641/440 479/642/440 482/633/440 475/622/440
f 479/642/441 410/643/441 437/634/441 482/633/441
f 473/618/442 483/629/442 479/632/442 431/619/442
f 430/627/443 478/640/443 483/629/443 473/618/443
f 478/640/444 409/639/444 433/630/444 483/629/444
f 471/614/445 484/625/445 472/628/445 427/615/445
f 429/611/446 476/624/446 484/625/446 471/614/446
f 476/624/447 432/623/447 477/626/447 484/625/447
f 469/610/448 485/621/448 476/624/448 429/611/448
f 428/644/449 474/645/449 485/621/449 469/610/449
f 474/645/450 431/641/450 475/622/450 485/621/450
f 467/606/451 486/617/451 474/620/451 428/607/451
f 427/615/452 472/628/452 486/617/452 467/606/452
f 472/628/453 430/627/453 473/618/453 486/617/453
f 465/602/454 487/613/454 466/616/454 424/603/454
f 426/599/455 470/612/455 487/613/455 465/602/455
f 470/612/456 429/611/456 471/614/456 487/613/456
f 463/598/428 488/609/428 470/612/428 426/599/428
f 425/646/428 468/647/428 488/609/428 463/598/428
f 468/647/457 428/644/457 469/610/457 488/609/457
f 461/594/458 489/605/458 468/608/458 425/595/458
f 424/603/459 466/616/459 489/605/459 461/594/459
f 466/616/460 427/615/460 467/606/460 489/605/460
f 459/648/461 490/601/461 460/604/461 421/649/461
f 423/650/462 464/600/462 490/601/462 459/648/462
f 464/600/463 426/599/463 465/602/463 490/601/463
f 457/651/464 491/597/464 464/600/464 423/650/464
f 422/652/465 462/653/465 491/597/465 457/651/465
f 462/653/466 425/646/466 463/598/466 491/597/466
f 455/654/467 492/593/467 462/596/467 422/655/467
f 421/649/468 460/604/468 492/593/468 455/654/468
f 460/604/469 424/603/469 461/594/469 492/593/469
f 453/578/470 493/589/470 454/592/470 418/579/470
f 420/575/471 458/588/471 493/589/471 453/578/471
f 458/588/472 423/587/472 459/590/472 493/589/472
f 451/574/473 494/585/473 458/588/473 420/575/473
f 419/656/474 456/657/474 494/585/474 451/574/474
f 456/657/475 422/658/475 457/586/475 494/585/475
f 449/570/476 495/581/476 456/584/476 419/571/476
f 418/579/477 454/592/477 495/581/477 449/570/477
f 454/592/478 421/591/478 455/582/478 495/581/478
f 447/566/479 496/577/479 448/580/479 415/567/479
f 417/563/480 452/576/480 496/577/480 447/566/480
f 452/576/481 420/575/481 453/578/481 496/577/481
f 445/562/482 497/573/482 452/576/482 417/563/482
f 416/659/483 450/660/483 497/573/483 445/562/483
f 450/660/484 419/656/484 451/574/484 497/573/484
f 443/558/485 498/569/485 450/572/485 416/559/485
f 415/567/486 448/580/486 498/569/486 443/558/486
f 448/580/487 418/579/487 449/570/487 498/569/487
f 441/554/488 499/565/488 442/568/488 412/555/488
f 414/551/489 446/564/489 499/565/489 441/554/489
f 446/564/490 417/563/490 447/566/490 499/565/490
f 438/550/491 500/561/491 446/564/491 414/551/491
f 413/661/492 444/662/492 500/561/492 438/550/492
f 444/662/493 416/659/493 445/562/493 500/561/493
f 435/546/494 501/557/494 444/560/494 413/547/494
f 412/555/495 442/568/495 501/557/495 435/546/495
f 442/568/496 415/567/496 443/558/496 501/557/496
f 440/638/497 502/553/497 434/556/497 409/639/497
f 411/635/498 439/552/498 502/553/498 440/638/498
f 439/552/499 414/551/499 441/554/499 502/553/499
f 437/634/500 503/549/500 439/552/500 411/635/500
f 410/643/501 436/663/501 503/549/501 437/634/501
f 436/663/502 413/661/502 438/550/502 503/549/502
f 433/630/503 504/545/503 436/548/503 410/631/503
f 409/639/504 434/556/504 504/545/504 433/630/504
f 434/556/505 412/555/505 435/546/505 504/545/505
o 环体.003
v -0.181402 2.244662 0.309319
v -0.172752 2.229052 0.095049
v -0.138757 2.232809 0.687135
v -0.175267 2.333637 0.364645
v -0.147792 2.282745 0.108017
v -0.138585 2.293243 0.703538
v -0.102650 2.364958 0.362574
v -0.102007 2.311447 0.107143
v -0.121522 2.317977 0.696882
v -0.030153 2.333637 0.367241
v -0.038187 2.298006 0.106982
v -0.044643 2.289414 0.693655
v -0.016272 2.265952 0.475381
v -0.031900 2.231627 0.116410
v -0.047731 2.221580 0.674099
v -0.030444 2.182406 0.383506
v -0.036997 2.162027 0.125649
v -0.063950 2.179142 0.669420
v -0.115247 2.154404 0.324992
v -0.099217 2.150950 0.125973
v -0.080950 2.180181 0.635401
v -0.163070 2.190881 0.293056
v -0.151456 2.184101 0.119839
v -0.108970 2.206044 0.660914
vn -0.9588 0.2619 -0.1105
vn 0.9778 -0.2068 -0.0331
vn -0.9940 -0.0105 0.1092
vn -0.4468 0.8715 -0.2022
vn 0.6488 -0.7608 0.0166
vn -0.5173 0.8468 0.1236
vn 0.3126 0.9352 -0.1661
vn -0.2862 -0.9581 -0.0080
vn 0.3669 0.9188 0.1454
vn 0.9932 0.1057 -0.0499
vn -0.9996 -0.0223 -0.0198
vn 0.9822 0.1511 0.1114
vn 0.9935 -0.1110 -0.0259
vn -0.9819 0.1852 -0.0393
vn 0.9479 -0.3032 0.0973
vn 0.2359 -0.9702 0.0555
vn -0.1069 0.9933 -0.0446
vn 0.2248 -0.9737 0.0365
vn -0.5661 -0.8241 -0.0194
vn 0.5793 0.8118 -0.0731
vn -0.6362 -0.7607 0.1288
vn -0.9269 -0.3744 -0.0268
vn 0.8120 0.5797 -0.0680
vn -0.8267 -0.5518 0.1097
vt 0.500000 0.666667
vt 0.625000 0.666667
vt 0.625000 1.000000
vt 0.500000 1.000000
vt 0.500000 0.000000
vt 0.625000 0.000000
vt 0.625000 0.333333
vt 0.500000 0.333333
vt 0.750000 0.666667
vt 0.750000 1.000000
vt 0.750000 0.000000
vt 0.750000 0.333333
vt 0.875000 0.666667
vt 0.875000 1.000000
vt 0.875000 0.000000
vt 0.875000 0.333333
vt 1.000000 0.666667
vt 1.000000 1.000000
vt 1.000000 0.000000
vt 1.000000 0.333333
vt 0.000000 0.666667
vt 0.125000 0.666667
vt 0.125000 1.000000
vt 0.000000 1.000000
vt 0.000000 0.000000
vt 0.125000 0.000000
vt 0.125000 0.333333
vt 0.000000 0.333333
vt 0.250000 0.666667
vt 0.250000 1.000000
vt 0.250000 0.000000
vt 0.250000 0.333333
vt 0.375000 0.666667
vt 0.375000 1.000000
vt 0.375000 0.000000
vt 0.375000 0.333333
s 0
usemtl 材质.001
f 505/664/506 508/665/506 509/666/506 506/667/506
f 506/668/507 509/669/507 510/670/507 507/671/507
f 507/671/508 510/670/508 508/665/508 505/664/508
f 508/665/509 511/672/509 512/673/509 509/666/509
f 509/669/510 512/674/510 513/675/510 510/670/510
f 510/670/511 513/675/511 511/672/511 508/665/511
f 511/672/512 514/676/512 515/677/512 512/673/512
f 512/674/513 515/678/513 516/679/513 513/675/513
f 513/675/514 516/679/514 514/676/514 511/672/514
f 514/676/515 517/680/515 518/681/515 515/677/515
f 515/678/516 518/682/516 519/683/516 516/679/516
f 516/679/517 519/683/517 517/680/517 514/676/517
f 517/684/518 520/685/518 521/686/518 518/687/518
f 518/688/519 521/689/519 522/690/519 519/691/519
f 519/691/520 522/690/520 520/685/520 517/684/520
f 520/685/521 523/692/521 524/693/521 521/686/521
f 521/689/522 524/694/522 525/695/522 522/690/522
f 522/690/523 525/695/523 523/692/523 520/685/523
f 523/692/524 526/696/524 527/697/524 524/693/524
f 524/694/525 527/698/525 528/699/525 525/695/525
f 525/695/526 528/699/526 526/696/526 523/692/526
f 526/696/527 505/664/527 506/667/527 527/697/527
f 527/698/528 506/668/528 507/671/528 528/699/528
f 528/699/529 507/671/529 505/664/529 526/696/529
o 环体.004
v -0.025139 2.244662 -0.562525
v -0.036513 2.229052 -0.348383
v -0.062976 2.232809 -0.940853
v -0.030570 2.333637 -0.617925
v -0.061306 2.282745 -0.361667
v -0.062940 2.293243 -0.957257
v -0.103208 2.364958 -0.616777
v -0.107098 2.311447 -0.361375
v -0.080085 2.317977 -0.950818
v -0.175639 2.333637 -0.622366
v -0.170916 2.298006 -0.362026
v -0.156999 2.289414 -0.948569
v -0.188144 2.265952 -0.730673
v -0.177082 2.231627 -0.371533
v -0.154161 2.221580 -0.928976
v -0.175141 2.182406 -0.638626
v -0.171868 2.162027 -0.380706
v -0.138002 2.179142 -0.924090
v -0.091089 2.154404 -0.579038
v -0.109649 2.150950 -0.380240
v -0.121436 2.180181 -0.889859
v -0.043677 2.190881 -0.546496
v -0.057492 2.184101 -0.373441
v -0.093094 2.206044 -0.915013
vn 0.9573 0.2619 0.1227
vn -0.9782 -0.2068 0.0207
vn 0.9953 -0.0105 -0.0966
vn 0.4442 0.8715 0.2079
vn -0.6486 -0.7608 -0.0248
vn 0.5188 0.8468 -0.1170
vn -0.3147 0.9352 0.1622
vn 0.2861 -0.9581 0.0116
vn -0.3651 0.9188 -0.1500
vn -0.9937 0.1057 0.0373
vn 0.9992 -0.0223 0.0325
vn -0.9807 0.1511 -0.1239
vn -0.9937 -0.1110 0.0132
vn 0.9813 0.1852 0.0518
vn -0.9466 -0.3032 -0.1093
vn -0.2352 -0.9702 -0.0585
vn 0.1063 0.9933 0.0459
vn -0.2243 -0.9737 -0.0393
vn 0.5658 -0.8241 0.0266
vn -0.5802 0.8118 0.0657
vn 0.6378 -0.7607 -0.1207
vn 0.9265 -0.3744 0.0386
vn -0.8128 0.5797 0.0576
vn 0.8281 -0.5518 -0.0992
vt 0.500000 0.666667
vt 0.625000 0.666667
vt 0.625000 1.000000
vt 0.500000 1.000000
vt 0.500000 0.000000
vt 0.625000 0.000000
vt 0.625000 0.333333
vt 0.500000 0.333333
vt 0.750000 0.666667
vt 0.750000 1.000000
vt 0.750000 0.000000
vt 0.750000 0.333333
vt 0.875000 0.666667
vt 0.875000 1.000000
vt 0.875000 0.000000
vt 0.875000 0.333333
vt 1.000000 0.666667
vt 1.000000 1.000000
vt 1.000000 0.000000
vt 1.000000 0.333333
vt 0.000000 0.666667
vt 0.125000 0.666667
vt 0.125000 1.000000
vt 0.000000 1.000000
vt 0.000000 0.000000
vt 0.125000 0.000000
vt 0.125000 0.333333
vt 0.000000 0.333333
vt 0.250000 0.666667
vt 0.250000 1.000000
vt 0.250000 0.000000
vt 0.250000 0.333333
vt 0.375000 0.666667
vt 0.375000 1.000000
vt 0.375000 0.000000
vt 0.375000 0.333333
s 0
usemtl 材质.001
f 529/700/530 532/701/530 533/702/530 530/703/530
f 530/704/531 533/705/531 534/706/531 531/707/531
f 531/707/532 534/706/532 532/701/532 529/700/532
f 532/701/533 535/708/533 536/709/533 533/702/533
f 533/705/534 536/710/534 537/711/534 534/706/534
f 534/706/535 537/711/535 535/708/535 532/701/535
f 535/708/536 538/712/536 539/713/536 536/709/536
f 536/710/537 539/714/537 540/715/537 537/711/537
f 537/711/538 540/715/538 538/712/538 535/708/538
f 538/712/539 541/716/539 542/717/539 539/713/539
f 539/714/540 542/718/540 543/719/540 540/715/540
f 540/715/541 543/719/541 541/716/541 538/712/541
f 541/720/542 544/721/542 545/722/542 542/723/542
f 542/724/543 545/725/543 546/726/543 543/727/543
f 543/727/544 546/726/544 544/721/544 541/720/544
f 544/721/545 547/728/545 548/729/545 545/722/545
f 545/725/546 548/730/546 549/731/546 546/726/546
f 546/726/547 549/731/547 547/728/547 544/721/547
f 547/728/548 550/732/548 551/733/548 548/729/548
f 548/730/549 551/734/549 552/735/549 549/731/549
f 549/731/550 552/735/550 550/732/550 547/728/550
f 550/732/551 529/700/551 530/703/551 551/733/551
f 551/734/552 530/704/552 531/707/552 552/735/552
f 552/735/553 531/707/553 529/700/553 550/732/553
o 柱体
v -0.070994 2.282128 0.265444
v -0.070994 2.304436 1.114384
v -0.038138 2.265425 0.274926
v -0.043916 2.290032 1.114259
v -0.042086 2.240651 0.265283
v -0.031587 2.263957 1.098998
v -0.047368 2.203881 0.255250
v -0.046782 2.241595 1.108639
v -0.070994 2.200465 0.267590
v -0.070994 2.222773 1.116529
v -0.111686 2.212424 0.267276
v -0.111686 2.234732 1.116215
v -0.128541 2.241297 0.266517
v -0.128541 2.263604 1.115457
v -0.111686 2.270169 0.265758
v -0.113295 2.289083 1.119370
v -0.050653 2.274494 0.267885
v -0.058509 2.296363 1.115251
v -0.080286 2.291584 0.688969
v -0.052156 2.272556 0.708108
v -0.036199 2.253755 0.267805
v -0.037280 2.277892 1.104350
v -0.057330 2.249493 0.697183
v -0.044727 2.222266 0.260267
v -0.041786 2.250981 1.104840
v -0.055318 2.221052 0.689306
v -0.059181 2.202173 0.261420
v -0.058888 2.232184 1.112584
v -0.070994 2.211619 0.692060
v -0.091340 2.206445 0.267433
v -0.091340 2.228752 1.116372
v -0.111686 2.223578 0.691745
v -0.120114 2.226860 0.266896
v -0.120114 2.249168 1.115836
v -0.140609 2.248657 0.674702
v -0.120114 2.255733 0.266138
v -0.120918 2.276344 1.117414
v -0.116912 2.279541 0.687212
v -0.091340 2.276149 0.265601
v -0.092144 2.296759 1.116877
v -0.096906 2.286355 0.684988
v -0.135933 2.263141 0.681310
v -0.132107 2.232827 0.671157
v -0.091340 2.217598 0.691903
v -0.059034 2.217178 0.687002
v -0.060847 2.234434 0.697189
v -0.057655 2.260759 0.704880
v -0.063566 2.284372 0.698727
vn 0.5802 0.8136 -0.0385
vn 0.9623 0.2639 -0.0658
vn 0.9990 0.0297 -0.0347
vn 0.5350 -0.8445 0.0259
vn -0.2821 -0.9591 0.0252
vn -0.8702 -0.4910 0.0410
vn 0.1290 -0.0303 0.9912
vn -0.7378 0.6751 -0.0019
vn -0.3225 0.9463 -0.0204
vn -0.0265 0.0255 -0.9993
vn -0.2875 0.9574 -0.0274
vn -0.3035 0.9525 -0.0261
vn -0.3339 0.9424 -0.0185
vn -0.7437 0.6677 -0.0321
vn -0.9071 0.4192 -0.0382
vn -0.9130 0.4077 0.0151
vn -0.8734 -0.4867 -0.0179
vn -0.6374 -0.7705 0.0067
vn -0.6484 -0.7606 0.0330
vn 0.3048 -0.9520 0.0292
vn 0.3464 -0.9373 0.0382
vn 0.6444 -0.7643 0.0255
vn 0.9964 0.0805 0.0248
vn 0.9816 -0.1867 0.0400
vn 0.8951 -0.4447 -0.0325
vn 0.9696 -0.2403 0.0453
vn 0.9848 -0.1684 0.0429
vn 0.9969 0.0684 -0.0383
vn 0.6554 0.7552 0.0056
vn 0.3750 0.9269 -0.0112
vn 0.4731 0.8803 -0.0340
vt 0.937500 0.750000
vt 0.937500 1.000000
vt 0.875000 1.000000
vt 0.875000 0.750000
vt 0.812500 0.750000
vt 0.812500 1.000000
vt 0.750000 1.000000
vt 0.750000 0.750000
vt 0.687500 0.750000
vt 0.687500 1.000000
vt 0.625000 1.000000
vt 0.625000 0.750000
vt 0.562500 0.750000
vt 0.562500 1.000000
vt 0.500000 1.000000
vt 0.500000 0.750000
vt 0.437500 0.750000
vt 0.437500 1.000000
vt 0.375000 1.000000
vt 0.375000 0.750000
vt 0.312500 0.750000
vt 0.312500 1.000000
vt 0.250000 1.000000
vt 0.250000 0.750000
vt 0.419706 0.419706
vt 0.334853 0.454853
vt 0.250000 0.490000
vt 0.165147 0.454853
vt 0.080294 0.419706
vt 0.045147 0.334853
vt 0.010000 0.250000
vt 0.045147 0.165147
vt 0.080294 0.080294
vt 0.165147 0.045147
vt 0.250000 0.010000
vt 0.334853 0.045147
vt 0.419706 0.080294
vt 0.454853 0.165147
vt 0.490000 0.250000
vt 0.454853 0.334853
vt 0.187500 0.750000
vt 0.187500 1.000000
vt 0.125000 1.000000
vt 0.125000 0.750000
vt 0.062500 0.750000
vt 0.062500 1.000000
vt 0.000000 1.000000
vt 0.000000 0.750000
vt 0.750000 0.490000
vt 0.834853 0.454853
vt 0.919706 0.419706
vt 0.954853 0.334853
vt 0.990000 0.250000
vt 0.954853 0.165147
vt 0.919706 0.080294
vt 0.834853 0.045147
vt 0.750000 0.010000
vt 0.665147 0.045147
vt 0.580294 0.080294
vt 0.545147 0.165147
vt 0.510000 0.250000
vt 0.545147 0.334853
vt 0.580294 0.419706
vt 0.665147 0.454853
vt 0.062500 0.500000
vt 0.000000 0.500000
vt 0.125000 0.500000
vt 0.187500 0.500000
vt 0.250000 0.500000
vt 0.312500 0.500000
vt 0.375000 0.500000
vt 0.437500 0.500000
vt 0.500000 0.500000
vt 0.562500 0.500000
vt 0.625000 0.500000
vt 0.687500 0.500000
vt 0.750000 0.500000
vt 0.812500 0.500000
vt 0.875000 0.500000
vt 0.937500 0.500000
vt 1.000000 0.500000
vt 1.000000 0.750000
vt 1.000000 1.000000
s 0
usemtl 材质.005
f 600/736/554 570/737/554 556/738/554 572/739/554
f 599/740/555 574/741/555 558/742/555 575/743/555
f 598/744/556 577/745/556 560/746/556 578/747/556
f 597/748/557 580/749/557 562/750/557 581/751/557
f 596/752/558 583/753/558 564/754/558 584/755/558
f 595/756/559 586/757/559 566/758/559 587/759/559
f 556/760/560 570/761/560 554/762/560 592/763/560 568/764/560 589/765/560 566/766/560 586/767/560 564/768/560 583/769/560 562/770/560 580/771/560 560/772/560 577/773/560 558/774/560 574/775/560
f 594/776/561 589/777/561 568/778/561 590/779/561
f 593/780/562 592/781/562 554/782/562 571/783/562
f 553/784/563 569/785/563 555/786/563 573/787/563 557/788/563 576/789/563 559/790/563 579/791/563 561/792/563 582/793/563 563/794/563 585/795/563 565/796/563 588/797/563 567/798/563 591/799/563
f 591/800/564 593/780/564 571/783/564 553/801/564
f 567/802/565 590/779/565 593/780/565 591/800/565
f 590/779/566 568/778/566 592/781/566 593/780/566
f 588/803/567 594/776/567 590/779/567 567/802/567
f 565/804/568 587/759/568 594/776/568 588/803/568
f 587/759/569 566/758/569 589/777/569 594/776/569
f 585/805/570 595/756/570 587/759/570 565/804/570
f 563/806/571 584/755/571 595/756/571 585/805/571
f 584/755/572 564/754/572 586/757/572 595/756/572
f 582/807/558 596/752/558 584/755/558 563/806/558
f 561/808/558 581/751/558 596/752/558 582/807/558
f 581/751/558 562/750/558 583/753/558 596/752/558
f 579/809/573 597/748/573 581/751/573 561/808/573
f 559/810/574 578/747/574 597/748/574 579/809/574
f 578/747/575 560/746/575 580/749/575 597/748/575
f 576/811/576 598/744/576 578/747/576 559/810/576
f 557/812/577 575/743/577 598/744/577 576/811/577
f 575/743/578 558/742/578 577/745/578 598/744/578
f 573/813/579 599/740/579 575/743/579 557/812/579
f 555/814/580 572/739/580 599/740/580 573/813/580
f 572/739/581 556/738/581 574/741/581 599/740/581
f 569/815/582 600/736/582 572/739/582 555/814/582
f 553/816/583 571/817/583 600/736/583 569/815/583
f 571/817/584 554/818/584 570/737/584 600/736/584
o 柱体.001
v -0.093200 2.222597 -0.714402
v -0.101872 2.200829 -1.563311
v -0.059364 2.237030 -0.724161
v -0.073877 2.213356 -1.563416
v -0.061535 2.262010 -0.714485
v -0.059673 2.238523 -1.548259
v -0.064217 2.299049 -0.704408
v -0.073391 2.261873 -1.557770
v -0.087659 2.304072 -0.716547
v -0.096332 2.282304 -1.565457
v -0.129067 2.294910 -0.715890
v -0.137740 2.273142 -1.564799
v -0.147841 2.267251 -0.714988
v -0.156514 2.245484 -1.563898
v -0.132985 2.237298 -0.714372
v -0.143070 2.219029 -1.567940
v -0.072408 2.228831 -0.717014
v -0.088875 2.208034 -1.564283
v -0.106682 2.214039 -1.137833
v -0.077485 2.231120 -1.157209
v -0.056575 2.248537 -0.717056
v -0.066347 2.225011 -1.553562
v -0.080985 2.254474 -1.146240
v -0.062876 2.280529 -0.709446
v -0.069015 2.252166 -1.554014
v -0.076975 2.282708 -1.138381
v -0.075938 2.301561 -0.710477
v -0.084861 2.272089 -1.561614
v -0.091995 2.293188 -1.141002
v -0.108363 2.299491 -0.716218
v -0.117036 2.277723 -1.565128
v -0.133403 2.284026 -1.140344
v -0.138454 2.281081 -0.715439
v -0.147127 2.259313 -1.564348
v -0.163822 2.260964 -1.123057
v -0.140413 2.252275 -0.714680
v -0.149792 2.232256 -1.565919
v -0.142388 2.228546 -1.135766
v -0.113092 2.229948 -0.714387
v -0.122471 2.209929 -1.565626
v -0.122874 2.220384 -1.133712
v -0.160198 2.246200 -1.129704
v -0.154232 2.276177 -1.119584
v -0.112699 2.288607 -1.140673
v -0.080400 2.286824 -1.136046
v -0.083469 2.269738 -1.146217
v -0.082141 2.243261 -1.153935
v -0.089593 2.220102 -1.147732
vn 0.5238 -0.8512 0.0336
vn 0.9426 -0.3288 0.0577
vn 0.9949 -0.0976 0.0262
vn 0.5910 0.8061 -0.0304
vn -0.2163 0.9761 -0.0228
vn -0.8350 0.5491 -0.0336
vn 0.1224 0.0220 -0.9922
vn -0.7819 -0.6233 0.0081
vn -0.3860 -0.9222 0.0231
vn -0.0198 -0.0242 0.9995
vn -0.3517 -0.9356 0.0298
vn -0.3674 -0.9296 0.0286
vn -0.3971 -0.9175 0.0213
vn -0.7871 -0.6156 0.0384
vn -0.9331 -0.3565 0.0459
vn -0.9387 -0.3446 -0.0074
vn -0.8381 0.5450 0.0253
vn -0.5836 0.8121 -0.0013
vn -0.5954 0.8030 -0.0275
vn 0.3687 0.9290 -0.0318
vn 0.4091 0.9116 -0.0412
vn 0.6947 0.7187 -0.0310
vn 0.9884 -0.1481 -0.0332
vn 0.9917 0.1195 -0.0482
vn 0.9235 0.3827 0.0249
vn 0.9833 0.1738 -0.0535
vn 0.9936 0.1010 -0.0512
vn 0.9902 -0.1361 0.0299
vn 0.6024 -0.7981 -0.0111
vn 0.3111 -0.9503 0.0081
vn 0.4124 -0.9105 0.0300
vt 0.937500 0.750000
vt 0.937500 1.000000
vt 0.875000 1.000000
vt 0.875000 0.750000
vt 0.812500 0.750000
vt 0.812500 1.000000
vt 0.750000 1.000000
vt 0.750000 0.750000
vt 0.687500 0.750000
vt 0.687500 1.000000
vt 0.625000 1.000000
vt 0.625000 0.750000
vt 0.562500 0.750000
vt 0.562500 1.000000
vt 0.500000 1.000000
vt 0.500000 0.750000
vt 0.437500 0.750000
vt 0.437500 1.000000
vt 0.375000 1.000000
vt 0.375000 0.750000
vt 0.312500 0.750000
vt 0.312500 1.000000
vt 0.250000 1.000000
vt 0.250000 0.750000
vt 0.419706 0.419706
vt 0.334853 0.454853
vt 0.250000 0.490000
vt 0.165147 0.454853
vt 0.080294 0.419706
vt 0.045147 0.334853
vt 0.010000 0.250000
vt 0.045147 0.165147
vt 0.080294 0.080294
vt 0.165147 0.045147
vt 0.250000 0.010000
vt 0.334853 0.045147
vt 0.419706 0.080294
vt 0.454853 0.165147
vt 0.490000 0.250000
vt 0.454853 0.334853
vt 0.187500 0.750000
vt 0.187500 1.000000
vt 0.125000 1.000000
vt 0.125000 0.750000
vt 0.062500 0.750000
vt 0.062500 1.000000
vt 0.000000 1.000000
vt 0.000000 0.750000
vt 0.750000 0.490000
vt 0.834853 0.454853
vt 0.919706 0.419706
vt 0.954853 0.334853
vt 0.990000 0.250000
vt 0.954853 0.165147
vt 0.919706 0.080294
vt 0.834853 0.045147
vt 0.750000 0.010000
vt 0.665147 0.045147
vt 0.580294 0.080294
vt 0.545147 0.165147
vt 0.510000 0.250000
vt 0.545147 0.334853
vt 0.580294 0.419706
vt 0.665147 0.454853
vt 0.062500 0.500000
vt 0.000000 0.500000
vt 0.125000 0.500000
vt 0.187500 0.500000
vt 0.250000 0.500000
vt 0.312500 0.500000
vt 0.375000 0.500000
vt 0.437500 0.500000
vt 0.500000 0.500000
vt 0.562500 0.500000
vt 0.625000 0.500000
vt 0.687500 0.500000
vt 0.750000 0.500000
vt 0.812500 0.500000
vt 0.875000 0.500000
vt 0.937500 0.500000
vt 1.000000 0.500000
vt 1.000000 0.750000
vt 1.000000 1.000000
s 0
usemtl 材质.005
f 648/819/585 618/820/585 604/821/585 620/822/585
f 647/823/586 622/824/586 606/825/586 623/826/586
f 646/827/587 625/828/587 608/829/587 626/830/587
f 645/831/588 628/832/588 610/833/588 629/834/588
f 644/835/589 631/836/589 612/837/589 632/838/589
f 643/839/590 634/840/590 614/841/590 635/842/590
f 604/843/591 618/844/591 602/845/591 640/846/591 616/847/591 637/848/591 614/849/591 634/850/591 612/851/591 631/852/591 610/853/591 628/854/591 608/855/591 625/856/591 606/857/591 622/858/591
f 642/859/592 637/860/592 616/861/592 638/862/592
f 641/863/593 640/864/593 602/865/593 619/866/593
f 601/867/594 617/868/594 603/869/594 621/870/594 605/871/594 624/872/594 607/873/594 627/874/594 609/875/594 630/876/594 611/877/594 633/878/594 613/879/594 636/880/594 615/881/594 639/882/594
f 639/883/595 641/863/595 619/866/595 601/884/595
f 615/885/596 638/862/596 641/863/596 639/883/596
f 638/862/597 616/861/597 640/864/597 641/863/597
f 636/886/598 642/859/598 638/862/598 615/885/598
f 613/887/599 635/842/599 642/859/599 636/886/599
f 635/842/600 614/841/600 637/860/600 642/859/600
f 633/888/601 643/839/601 635/842/601 613/887/601
f 611/889/602 632/838/602 643/839/602 633/888/602
f 632/838/603 612/837/603 634/840/603 643/839/603
f 630/890/589 644/835/589 632/838/589 611/889/589
f 609/891/589 629/834/589 644/835/589 630/890/589
f 629/834/589 610/833/589 631/836/589 644/835/589
f 627/892/604 645/831/604 629/834/604 609/891/604
f 607/893/605 626/830/605 645/831/605 627/892/605
f 626/830/606 608/829/606 628/832/606 645/831/606
f 624/894/607 646/827/607 626/830/607 607/893/607
f 605/895/608 623/826/608 646/827/608 624/894/608
f 623/826/609 606/825/609 625/828/609 646/827/609
f 621/896/610 647/823/610 623/826/610 605/895/610
f 603/897/611 620/822/611 647/823/611 621/896/611
f 620/822/612 604/821/612 622/824/612 647/823/612
f 617/898/613 648/819/613 620/822/613 603/897/613
f 601/899/614 619/900/614 648/819/614 617/898/614
f 619/900/615 602/901/615 618/820/615 648/819/615
o 立方体.005
v -0.113306 2.238585 1.108675
v -0.098909 2.295140 1.111686
v -0.053654 2.237871 1.110218
v -0.047333 2.290540 1.108147
v -0.123925 2.234042 1.246058
v -0.123925 2.306483 1.246058
v -0.102439 2.233793 1.244492
v -0.103294 2.306736 1.244465
v -0.072124 2.225564 1.105958
v -0.128557 2.262339 1.102596
v -0.071563 2.303847 1.112180
v -0.033902 2.265982 1.102230
v -0.109934 2.233668 1.189918
v -0.100422 2.306970 1.187997
v -0.104742 2.268755 1.244190
v -0.102558 2.234286 1.244620
v -0.100473 2.301311 1.243617
v -0.123925 2.270262 1.246058
v -0.120918 2.234042 1.178055
v -0.120918 2.306483 1.178055
v -0.098586 2.301482 1.174887
v -0.113408 2.233479 1.179730
v -0.120918 2.270262 1.178055
v -0.101998 2.268583 1.243327
v -0.110691 2.269710 1.188874
v -0.101176 2.270584 1.107070
v -0.096335 2.231915 1.108942
v -0.113525 2.287365 1.110717
v -0.058152 2.295678 1.110143
v -0.038087 2.255552 1.104192
v -0.111376 2.234346 1.148608
v -0.108296 2.310563 1.216922
v -0.103459 2.250901 1.244319
v -0.102120 2.235031 1.246276
v -0.102602 2.306483 1.247001
v -0.123925 2.252152 1.246058
v -0.122421 2.234042 1.212057
v -0.119414 2.306483 1.144054
v -0.070484 2.224460 1.100971
v -0.117910 2.252152 1.110052
v -0.089018 2.297531 1.110855
v -0.038383 2.283374 1.108473
v -0.110911 2.236337 1.220837
v -0.099592 2.305714 1.146155
v -0.102234 2.284839 1.244221
v -0.102602 2.234042 1.247001
v -0.102940 2.302942 1.244995
v -0.123925 2.288372 1.246058
v -0.119414 2.234042 1.144054
v -0.122421 2.306483 1.212057
v -0.099594 2.306483 1.178998
v -0.100257 2.307250 1.179106
v -0.108380 2.299871 1.210893
v -0.099386 2.301639 1.139587
v -0.114188 2.234889 1.178731
v -0.118825 2.234324 1.180301
v -0.112267 2.234347 1.145582
v -0.108628 2.235813 1.224851
v -0.119414 2.270262 1.144054
v -0.122421 2.270262 1.212057
v -0.120918 2.252152 1.178055
v -0.120918 2.288372 1.178055
v -0.102602 2.270262 1.247001
v -0.102966 2.267009 1.245682
v -0.102511 2.251148 1.246569
v -0.102493 2.282455 1.243364
v -0.107804 2.268848 1.224868
v -0.109553 2.269548 1.141741
v -0.105294 2.248895 1.192576
v -0.110593 2.289761 1.184910
v -0.041591 2.267726 1.100353
v -0.096587 2.270262 1.110995
v -0.075263 2.252152 1.111938
v -0.075263 2.288372 1.111938
v -0.096587 2.288372 1.110995
v -0.096587 2.252152 1.110995
v -0.053680 2.252152 1.106202
v -0.106307 2.287616 1.143766
v -0.116858 2.247561 1.132542
v -0.109286 2.252152 1.223290
v -0.102495 2.283748 1.244987
v -0.102641 2.251648 1.247002
v -0.102602 2.252152 1.247001
v -0.122797 2.287078 1.207131
v -0.122421 2.252152 1.212057
v -0.123745 2.250898 1.141389
v -0.111109 2.232463 1.216079
v -0.117076 2.236779 1.145895
v -0.111389 2.232517 1.145134
v -0.098455 2.305921 1.144365
v -0.105573 2.306640 1.215027
v -0.108486 2.306729 1.214010
v -0.098090 2.306483 1.144997
v -0.110925 2.235337 1.217291
v -0.119414 2.288372 1.144054
v -0.102602 2.288372 1.247001
v -0.107408 2.290863 1.221546
v -0.053940 2.288372 1.112881
v -0.122753 2.289325 1.207701
v -0.105739 2.251391 1.236089
v -0.110347 2.290177 1.184985
v -0.105216 2.268769 1.241201
v -0.102602 2.241184 1.247001
v -0.106655 2.235317 1.231278
v -0.123925 2.238353 1.246058
v -0.102230 2.284910 1.243397
v -0.102274 2.239956 1.246491
v -0.123925 2.290439 1.246058
v -0.110357 2.289843 1.187634
v -0.102516 2.235074 1.244479
v -0.106726 2.233715 1.230802
v -0.102625 2.233849 1.243974
v -0.107491 2.286230 1.222245
v -0.102245 2.284650 1.245387
v -0.101791 2.288766 1.247622
vn -0.3833 -0.5114 -0.7691
vn 0.9807 0.0255 -0.1937
vn -0.0442 -0.0000 0.9990
vn -0.7900 0.4612 -0.4040
vn 0.0441 -0.9987 -0.0250
vn -0.0712 0.9448 -0.3200
vn -0.0066 1.0000 -0.0046
vn -0.9568 0.2163 -0.1943
vn 0.2352 0.9626 0.1344
vn -0.0497 -0.9983 0.0319
vn 0.3093 0.9491 0.0591
vn -0.9562 -0.0470 0.2890
vn -0.9780 -0.1989 0.0627
vn -0.9990 -0.0000 -0.0442
vn -0.9974 0.0353 -0.0629
vn -0.9230 -0.0478 -0.3819
vn -0.7220 0.0197 -0.6916
vn 0.9783 -0.0170 -0.2065
vn 0.9948 -0.0320 -0.0963
vn 0.8952 -0.4395 0.0732
vn 0.0156 -0.2966 -0.9549
vn -0.1655 -0.2447 -0.9554
vn 0.0623 -0.0244 -0.9978
vn -0.1744 0.2549 -0.9511
vn 0.1497 0.1323 -0.9798
vn -0.0320 0.0906 -0.9954
vn -0.0208 0.1676 -0.9856
vn 0.0502 0.1080 -0.9929
vn 0.1958 -0.1803 -0.9639
vn 0.3345 -0.2546 -0.9073
vn -0.3915 0.2796 -0.8767
vn -0.1540 -0.3534 -0.9227
vn 0.9945 -0.0840 0.0633
vn 0.4457 -0.1885 0.8751
vn 0.5177 -0.0241 0.8552
vn 0.9914 -0.0305 -0.1270
vn 0.3575 0.4632 0.8110
vn 0.3877 -0.3296 0.8608
vn 0.9525 0.0035 -0.3045
vn 0.9722 -0.2125 0.0988
vn 0.9944 0.1045 0.0127
vn -0.9714 -0.0059 -0.2373
vn 0.7764 -0.0831 -0.6247
vn 0.9972 0.0361 0.0653
vn -0.9865 -0.0269 0.1613
vn 0.9759 0.0433 -0.2138
vn 0.8513 0.0183 -0.5243
vn 0.9988 -0.0041 0.0489
vn 0.9861 0.0009 0.1661
vn -0.9984 -0.0183 -0.0539
vn -0.9992 -0.0158 -0.0358
vn -0.9994 0.0141 -0.0302
vn -0.9392 -0.2840 -0.1928
vn -0.9924 -0.1213 0.0207
vn -0.9934 0.1136 0.0166
vn -0.3471 0.9366 0.0481
vn 0.3702 -0.9286 -0.0262
vn 0.8856 0.3650 -0.2873
vn 0.2982 0.9521 0.0683
vn 0.2315 -0.8937 0.3842
vn -0.1733 -0.9840 -0.0414
vn -0.3016 -0.9430 -0.1411
vn -0.1921 -0.9812 -0.0184
vn 0.9977 0.0365 0.0572
vn -0.9980 -0.0617 -0.0132
vn 0.6708 -0.7401 0.0480
vn 0.4653 0.8314 0.3038
vn -0.9843 -0.0671 0.1631
vn -0.9220 -0.3804 0.0726
vn -0.9596 -0.2118 -0.1854
vn -0.0073 1.0000 0.0042
vn 0.9375 0.2833 -0.2019
vn 0.9654 -0.0634 0.2528
vn -0.0000 1.0000 -0.0000
vn 0.9992 -0.0389 0.0101
vn -0.1362 0.9726 -0.1882
vn 0.1156 -0.9933 0.0033
vn -0.4742 -0.8772 0.0747
vn 0.7479 -0.6139 -0.2526
vn -0.9444 0.3288 0.0019
vn 0.9966 0.0153 0.0812
vn 0.9241 -0.0531 0.3784
vn 0.9745 -0.0919 -0.2045
vn 0.9962 -0.0255 -0.0829
vn 0.8640 -0.4999 -0.0601
vn 0.0349 0.4546 -0.8900
vn -0.0494 0.4263 -0.9033
vn -0.0572 -0.1100 -0.9923
vn -0.9685 0.2040 -0.1426
vn 0.9958 -0.0308 -0.0857
vn 0.9703 0.0543 -0.2357
vn 0.9600 0.0492 -0.2755
vn 0.9671 -0.2394 0.0865
vn -0.9572 -0.0111 0.2892
vn 0.9419 0.0528 -0.3317
vn -0.9985 0.0159 -0.0526
vn -0.9992 0.0149 -0.0372
vt 0.562500 0.187500
vt 0.625000 0.187500
vt 0.625000 0.250000
vt 0.562500 0.250000
vt 0.562500 0.437500
vt 0.625000 0.437500
vt 0.625000 0.500000
vt 0.562500 0.500000
vt 0.562500 0.687500
vt 0.625000 0.687500
vt 0.625000 0.750000
vt 0.569631 0.750000
vt 0.562500 0.937500
vt 0.625000 0.937500
vt 0.625000 1.000000
vt 0.562500 1.000000
vt 0.312500 0.687500
vt 0.375000 0.687500
vt 0.375000 0.750000
vt 0.312500 0.750000
vt 0.812500 0.687500
vt 0.875000 0.687500
vt 0.875000 0.750000
vt 0.812500 0.750000
vt 0.687500 0.687500
vt 0.750000 0.687500
vt 0.750000 0.750000
vt 0.687500 0.750000
vt 0.687500 0.562500
vt 0.750000 0.562500
vt 0.750000 0.625000
vt 0.687500 0.625000
vt 0.812500 0.562500
vt 0.875000 0.562500
vt 0.875000 0.625000
vt 0.812500 0.625000
vt 0.187500 0.687500
vt 0.250000 0.687500
vt 0.250000 0.750000
vt 0.187500 0.750000
vt 0.187500 0.562500
vt 0.250000 0.562500
vt 0.250000 0.625000
vt 0.187500 0.625000
vt 0.312500 0.562500
vt 0.342972 0.562500
vt 0.332817 0.625000
vt 0.312500 0.625000
vt 0.437500 0.937500
vt 0.500000 0.937500
vt 0.500000 1.000000
vt 0.437500 1.000000
vt 0.437500 0.812500
vt 0.500000 0.812500
vt 0.500000 0.875000
vt 0.437500 0.875000
vt 0.562500 0.812500
vt 0.569735 0.812500
vt 0.562500 0.875000
vt 0.437500 0.687500
vt 0.500000 0.687500
vt 0.500000 0.750000
vt 0.437500 0.750000
vt 0.437500 0.562500
vt 0.500000 0.562500
vt 0.500000 0.625000
vt 0.437500 0.625000
vt 0.562500 0.562500
vt 0.625000 0.562500
vt 0.625000 0.625000
vt 0.570639 0.625000
vt 0.569259 0.607054
vt 0.581678 0.582415
vt 0.437500 0.437500
vt 0.500000 0.437500
vt 0.500000 0.490334
vt 0.437500 0.475539
vt 0.437500 0.312500
vt 0.500000 0.312500
vt 0.500000 0.375000
vt 0.437500 0.375000
vt 0.562500 0.312500
vt 0.625000 0.312500
vt 0.625000 0.375000
vt 0.564012 0.375000
vt 0.562500 0.375000
vt 0.437500 0.187500
vt 0.500000 0.187500
vt 0.500000 0.250000
vt 0.437500 0.250000
vt 0.437500 0.062500
vt 0.500000 0.062500
vt 0.500000 0.125000
vt 0.437500 0.125000
vt 0.562500 0.062500
vt 0.625000 0.062500
vt 0.625000 0.125000
vt 0.562500 0.125000
vt 0.500000 0.000000
vt 0.562500 0.000000
vt 0.625000 0.000000
vt 0.375000 0.062500
vt 0.375000 0.125000
vt 0.375000 0.000000
vt 0.437500 0.000000
vt 0.375000 0.187500
vt 0.375000 0.250000
vt 0.375000 0.312500
vt 0.375000 0.375000
vt 0.375000 0.437500
vt 0.437500 0.500000
vt 0.379680 0.500000
vt 0.375000 0.498632
vt 0.562500 0.625000
vt 0.500000 0.500000
vt 0.375000 0.562500
vt 0.393525 0.562500
vt 0.375000 0.625000
vt 0.375000 0.500000
vt 0.399647 0.687500
vt 0.389879 0.750000
vt 0.562500 0.750000
vt 0.375000 0.812500
vt 0.375000 0.875000
vt 0.375000 0.937500
vt 0.375000 1.000000
vt 0.250000 0.500000
vt 0.312500 0.500000
vt 0.373632 0.500000
vt 0.125000 0.562500
vt 0.125000 0.625000
vt 0.125000 0.500000
vt 0.187500 0.500000
vt 0.125000 0.687500
vt 0.125000 0.750000
vt 0.750000 0.500000
vt 0.812500 0.500000
vt 0.875000 0.500000
vt 0.687500 0.500000
vt 0.625000 0.875000
vt 0.549347 0.437500
vt 0.562500 0.379648
vt 0.625000 0.812500
s 0
usemtl 材质.005
f 746/902/616 677/903/616 652/904/616 690/905/616
f 745/906/617 680/907/617 656/908/617 693/909/617
f 744/910/618 683/911/618 654/912/618 756/913/618
f 743/914/619 686/915/619 650/916/619 676/917/619
f 742/918/620 694/919/620 653/920/620 685/921/620
f 741/922/621 689/923/621 650/924/621 686/925/621
f 740/926/622 699/927/622 668/928/622 698/929/622
f 739/930/623 700/931/623 669/932/623 701/933/623
f 738/934/624 677/935/624 659/936/624 702/937/624
f 737/938/625 703/939/625 667/940/625 697/941/625
f 736/942/626 704/943/626 670/944/626 705/945/626
f 735/946/627 759/947/627 752/948/627 706/949/627
f 734/950/628 707/951/628 658/952/628 688/953/628
f 733/954/629 708/955/629 671/956/629 709/957/629
f 732/958/630 747/959/630 710/960/630
f 731/961/618 711/962/618 666/963/618 684/964/618
f 730/965/631 712/966/631 672/967/631 713/968/631
f 729/969/632 695/970/632 665/971/632 754/972/632 762/973/632 763/974/632
f 728/975/633 715/976/633 750/977/633 748/978/633
f 727/979/634 716/980/634 673/981/634 717/982/634
f 726/983/635 692/984/635 662/985/635 749/986/635 718/987/635
f 725/988/636 719/989/636 660/990/636 678/991/636
f 724/992/637 720/993/637 674/994/637 721/995/637
f 723/996/638 689/997/638 659/998/638 722/999/638
f 720/993/639 723/996/639 722/999/639 674/994/639
f 658/1000/640 676/1001/640 723/996/640 720/993/640
f 676/1001/641 650/1002/641 689/997/641 723/996/641
f 675/1003/642 724/992/642 721/995/642 657/1004/642
f 649/1005/643 688/1006/643 724/992/643 675/1003/643
f 688/1006/644 658/1000/644 720/993/644 724/992/644
f 687/1007/645 725/988/645 678/991/645 651/1008/645
f 657/1004/646 721/995/646 725/988/646 687/1007/646
f 721/995/647 674/994/647 719/989/647 725/988/647
f 716/980/648 726/983/648 718/987/648 673/981/648
f 660/990/649 690/905/649 726/983/649 716/980/649
f 690/905/650 652/904/650 692/984/650 726/983/650
f 679/1009/651 727/979/651 717/982/651 661/1010/651
f 651/1008/652 678/991/652 727/979/652 679/1009/652
f 678/991/653 660/990/653 716/980/653 727/979/653
f 691/1011/654 728/975/654 748/978/654 681/1012/654 758/1013/654 760/1014/654
f 661/1010/655 717/982/655 728/975/655 691/1011/655
f 717/982/656 673/981/656 715/976/656 728/975/656
f 712/966/657 729/969/657 714/1015/657 672/967/657
f 663/1016/658 693/909/658 729/969/658 712/966/658
f 693/909/659 656/908/659 695/970/659 729/969/659
f 682/1017/660 755/1018/660 730/965/660 713/968/660 664/1019/660
f 655/1020/661 758/1013/661 755/1018/661 682/1017/661
f 681/1012/662 663/1016/662 712/966/662 730/965/662
f 694/919/618 751/1021/618 753/1022/618 653/920/618
f 664/1019/663 713/968/663 731/961/663 751/1021/663 694/919/663
f 713/968/664 672/967/664 711/962/664 731/961/664
f 708/955/665 732/958/665 710/960/665 671/956/665
f 666/963/666 696/1023/666 732/958/666 708/955/666
f 696/1023/667 756/913/667 747/959/667 732/958/667
f 685/1024/629 733/954/629 709/957/629 667/1025/629
f 653/920/629 753/1022/629 684/964/629 733/954/629 685/1024/629
f 684/964/629 666/963/629 708/955/629 733/954/629
f 697/1026/668 734/950/668 688/953/668 649/1027/668
f 667/1025/669 709/957/669 734/950/669 697/1026/669
f 709/957/670 671/956/670 707/951/670 734/950/670
f 704/943/671 735/946/671 706/949/671 670/944/671
f 661/1028/672 691/1029/672 735/946/672 704/943/672
f 691/1029/673 760/1030/673 655/1020/673 682/1017/673 759/947/673 735/946/673
f 687/1031/674 736/942/674 705/945/674 657/1032/674
f 651/1033/675 679/1034/675 736/942/675 687/1031/675
f 679/1034/676 661/1028/676 704/943/676 736/942/676
f 675/1035/677 737/938/677 697/941/677 649/1036/677
f 657/1032/678 705/945/678 737/938/678 675/1035/678
f 705/945/679 670/944/679 703/939/679 737/938/679
f 700/931/680 738/934/680 702/937/680 669/932/680
f 662/1037/681 692/1038/681 738/934/681 700/931/681
f 692/1038/682 652/1039/682 677/935/682 738/934/682
f 695/970/683 739/930/683 701/933/683 665/971/683
f 656/908/684 680/1040/684 739/930/684 695/970/684
f 680/1040/685 662/1037/685 700/931/685 739/930/685
f 683/911/686 740/926/686 698/929/686 654/912/686
f 665/971/687 701/933/687 740/926/687 683/911/687
f 701/933/688 669/932/688 699/927/688 740/926/688
f 699/927/689 741/922/689 686/925/689 668/928/689
f 669/932/690 702/937/690 741/922/690 699/927/690
f 702/937/691 659/936/691 689/923/691 741/922/691
f 703/939/692 742/918/692 685/921/692 667/940/692
f 670/944/693 706/949/693 742/918/693 703/939/693
f 706/949/694 752/948/694 664/1019/694 694/919/694 742/918/694
f 707/951/695 743/914/695 676/917/695 658/952/695
f 671/956/629 710/960/629 743/914/629 707/951/629
f 710/960/629 668/1041/629 686/915/629 743/914/629
f 711/962/618 744/910/618 696/1023/618 666/963/618
f 672/967/696 714/1015/696 744/910/696 711/962/696
f 714/1015/697 754/972/697 665/971/697 683/911/697 744/910/697
f 715/976/698 761/1042/698 745/906/698 693/909/698 663/1016/698 750/977/698
f 673/981/699 718/987/699 757/1043/699 761/1042/699 715/976/699
f 718/987/700 749/986/700 757/1043/700
f 719/989/701 746/902/701 690/905/701 660/990/701
f 674/994/702 722/999/702 746/902/702 719/989/702
f 722/999/703 659/998/703 677/903/703 746/902/703
f 763/974/704 762/973/704 754/972/704 714/1015/704 729/969/704
f 761/1042/705 757/1043/705 745/906/705
f 748/978/706 750/977/706 663/1016/706 681/1012/706
f 755/1018/707 758/1013/707 681/1012/707 730/965/707
f 757/1043/708 749/986/708 662/985/708 680/907/708 745/906/708
f 752/948/709 759/947/709 682/1017/709 664/1019/709
f 756/913/618 696/1023/618 744/910/618
f 753/1022/618 751/1021/618 731/961/618 684/964/618
f 760/1014/710 758/1013/710 655/1020/710
f 710/960/711 747/959/711 698/1044/711 668/1041/711
f 747/959/712 756/913/712 654/912/712 698/1044/712
o 立方体.006
v -0.140180 2.268901 -1.560051
v -0.127744 2.211870 -1.562804
v -0.077823 2.263617 -1.558844
v -0.076109 2.214641 -1.558341
v -0.148170 2.273730 -1.697602
v -0.150737 2.201335 -1.697602
v -0.126721 2.273218 -1.695651
v -0.130160 2.200351 -1.695639
v -0.098617 2.280457 -1.556597
v -0.156369 2.245706 -1.554246
v -0.100719 2.202199 -1.562808
v -0.061542 2.240259 -1.550963
v -0.135181 2.273644 -1.641221
v -0.128309 2.200052 -1.639130
v -0.130266 2.238361 -1.695390
v -0.126854 2.272730 -1.695781
v -0.127164 2.205674 -1.694742
v -0.149454 2.237533 -1.697602
v -0.146382 2.273667 -1.629556
v -0.148949 2.201272 -1.629556
v -0.126515 2.205480 -1.625989
v -0.138829 2.273963 -1.631096
v -0.147666 2.237469 -1.629556
v -0.127534 2.238436 -1.694478
v -0.137234 2.237652 -1.640190
v -0.129222 2.236494 -1.558229
v -0.122980 2.274965 -1.560014
v -0.142091 2.220158 -1.562096
v -0.087065 2.209889 -1.560531
v -0.060155 2.255545 -1.555872
v -0.137386 2.273043 -1.599943
v -0.135786 2.196722 -1.668191
v -0.128349 2.256157 -1.695497
v -0.126413 2.271969 -1.697430
v -0.129414 2.200579 -1.698163
v -0.148812 2.255631 -1.697602
v -0.147276 2.273699 -1.663579
v -0.148055 2.201240 -1.595533
v -0.097028 2.281505 -1.551582
v -0.145236 2.255505 -1.561510
v -0.117961 2.209131 -1.561795
v -0.066906 2.221486 -1.558507
v -0.135700 2.270992 -1.672152
v -0.128184 2.201304 -1.597280
v -0.128329 2.222198 -1.695377
v -0.126847 2.272974 -1.698163
v -0.129662 2.204131 -1.696164
v -0.150096 2.219434 -1.697602
v -0.145488 2.273635 -1.595533
v -0.149843 2.201304 -1.663579
v -0.127626 2.200516 -1.630117
v -0.128313 2.199772 -1.630237
v -0.135600 2.207414 -1.662164
v -0.127951 2.205374 -1.590709
v -0.139676 2.272581 -1.630112
v -0.144261 2.273310 -1.631765
v -0.138330 2.273076 -1.596933
v -0.133328 2.271431 -1.676125
v -0.146772 2.237438 -1.595533
v -0.148560 2.237501 -1.663579
v -0.147024 2.255568 -1.629556
v -0.148307 2.219371 -1.629556
v -0.128130 2.236777 -1.698163
v -0.128403 2.240041 -1.696851
v -0.127370 2.255875 -1.697730
v -0.128519 2.224590 -1.694525
v -0.133674 2.238388 -1.676127
v -0.136934 2.237803 -1.593045
v -0.131038 2.258260 -1.643795
v -0.137918 2.217613 -1.636225
v -0.069702 2.237243 -1.550446
v -0.124554 2.236650 -1.562071
v -0.102589 2.253993 -1.562632
v -0.103873 2.217795 -1.562632
v -0.125196 2.218551 -1.562071
v -0.123912 2.254749 -1.562071
v -0.081266 2.253237 -1.563194
v -0.134295 2.219630 -1.595011
v -0.143619 2.260041 -1.583978
v -0.134592 2.255127 -1.674575
v -0.128207 2.224175 -1.699060
v -0.127510 2.255380 -1.698165
v -0.127489 2.254875 -1.698163
v -0.149619 2.220712 -1.658661
v -0.147918 2.255600 -1.663579
v -0.150461 2.256944 -1.592947
v -0.135845 2.274873 -1.667399
v -0.143216 2.270816 -1.597333
v -0.137396 2.274874 -1.596470
v -0.127088 2.201058 -1.595469
v -0.132960 2.200548 -1.666248
v -0.135893 2.200563 -1.665283
v -0.126732 2.200484 -1.596094
v -0.135741 2.271994 -1.668607
v -0.147413 2.219339 -1.595533
v -0.128772 2.218678 -1.698163
v -0.134119 2.216375 -1.672798
v -0.082549 2.217039 -1.563194
v -0.149645 2.218465 -1.659231
v -0.130792 2.255754 -1.687309
v -0.137686 2.217188 -1.636295
v -0.130793 2.238365 -1.692411
v -0.127100 2.265837 -1.698163
v -0.131223 2.271854 -1.682515
v -0.148323 2.269422 -1.697602
v -0.128342 2.222127 -1.694553
v -0.126738 2.267052 -1.697647
v -0.150169 2.217369 -1.697602
v -0.137635 2.217521 -1.638945
v -0.126842 2.271941 -1.695640
v -0.131246 2.273457 -1.682040
v -0.126917 2.273170 -1.695137
v -0.134025 2.221008 -1.673499
v -0.128313 2.222386 -1.696543
v -0.127964 2.218255 -1.698770
vn -0.3786 0.5252 0.7621
vn 0.9756 -0.0601 0.2113
vn -0.0263 0.0009 -0.9997
vn -0.8129 -0.4327 0.3898
vn 0.0790 0.9965 0.0258
vn -0.1104 -0.9414 0.3186
vn -0.0421 -0.9991 0.0044
vn -0.9672 -0.1821 0.1772
vn 0.2033 -0.9704 -0.1302
vn -0.0137 0.9994 -0.0328
vn 0.2765 -0.9595 -0.0535
vn -0.9486 0.0807 -0.3061
vn -0.9691 0.2334 -0.0802
vn -0.9990 0.0354 0.0263
vn -0.9990 0.0001 0.0450
vn -0.9274 0.0808 0.3653
vn -0.8968 0.0450 0.4401
vn 0.9744 -0.0175 0.2240
vn 0.9935 -0.0032 0.1141
vn 0.9114 0.4075 -0.0572
vn -0.2761 0.4027 0.8727
vn -0.1738 0.2510 0.9523
vn 0.0453 0.0228 0.9987
vn -0.2003 -0.2479 0.9479
vn 0.1273 -0.1369 0.9824
vn -0.0530 -0.0888 0.9946
vn -0.0444 -0.1661 0.9851
vn 0.0285 -0.1090 0.9936
vn 0.1848 0.1739 0.9673
vn -0.1346 -0.3447 0.9290
vn -0.1756 -0.3362 0.9253
vn -0.0779 0.4820 0.8727
vn 0.9978 0.0487 -0.0455
vn 0.4693 0.1875 -0.8629
vn 0.5335 0.0052 -0.8458
vn 0.9895 -0.0045 0.1448
vn 0.3282 -0.5266 -0.7842
vn 0.4008 0.1566 -0.9027
vn 0.9462 -0.0371 0.3215
vn 0.9807 0.1778 -0.0814
vn 0.9902 -0.1397 0.0051
vn -0.9963 0.0201 0.0838
vn 0.9236 0.0354 0.3817
vn 0.9962 -0.0754 0.0436
vn -0.9819 0.0617 -0.1790
vn 0.9698 -0.0777 0.2313
vn 0.8406 -0.0481 0.5395
vn 0.9990 -0.0314 -0.0310
vn 0.9883 -0.0360 -0.1484
vn -0.9979 0.0537 0.0360
vn -0.9985 0.0512 0.0179
vn -0.9997 0.0214 0.0123
vn -0.9319 0.3172 0.1760
vn -0.9869 0.1564 -0.0385
vn -0.9963 -0.0784 -0.0344
vn -0.3792 -0.9237 -0.0543
vn 0.4023 0.9149 0.0328
vn 0.8668 -0.3959 0.3031
vn 0.2654 -0.9621 -0.0629
vn 0.3477 0.8304 -0.4354
vn -0.1390 0.9896 0.0383
vn -0.2704 0.9531 0.1357
vn -0.1575 0.9874 0.0150
vn 0.9966 -0.0719 -0.0394
vn -0.9953 0.0970 -0.0046
vn 0.6974 0.7158 -0.0360
vn 0.4409 -0.8475 -0.2954
vn -0.9783 0.1019 -0.1807
vn -0.9065 0.4128 -0.0891
vn -0.9546 0.2458 0.1682
vn -0.0427 -0.9991 -0.0043
vn 0.9231 -0.3162 0.2187
vn 0.9714 0.0290 -0.2355
vn -0.0354 -0.9994 -0.0000
vn 1.0000 0.0035 0.0078
vn -0.1739 -0.9671 0.1857
vn 0.1508 0.9886 -0.0013
vn -0.4414 0.8934 -0.0832
vn 0.7645 0.5872 0.2659
vn -0.9553 -0.2951 -0.0188
vn 0.9967 -0.0507 -0.0633
vn 0.9320 0.0201 -0.3618
vn 0.9734 0.0575 0.2219
vn 0.9949 -0.0097 0.1008
vn 0.8800 0.4690 0.0755
vn -0.0125 -0.4571 0.8893
vn -0.0806 -0.4237 0.9022
vn -0.0710 0.1126 0.9911
vn -0.9970 -0.0454 -0.0625
vn 0.9946 -0.0044 0.1035
vn 0.9634 -0.0885 0.2531
vn 0.9526 -0.0830 0.2926
vn 0.9763 0.2049 -0.0691
vn -0.9509 0.0448 -0.3063
vn 0.9334 -0.0859 0.3485
vn -0.9992 0.0195 0.0347
vn -0.9996 0.0206 0.0193
vt 0.562500 0.187500
vt 0.625000 0.187500
vt 0.625000 0.250000
vt 0.562500 0.250000
vt 0.562500 0.437500
vt 0.625000 0.437500
vt 0.625000 0.500000
vt 0.562500 0.500000
vt 0.562500 0.687500
vt 0.625000 0.687500
vt 0.625000 0.750000
vt 0.569631 0.750000
vt 0.562500 0.937500
vt 0.625000 0.937500
vt 0.625000 1.000000
vt 0.562500 1.000000
vt 0.312500 0.687500
vt 0.375000 0.687500
vt 0.375000 0.750000
vt 0.312500 0.750000
vt 0.812500 0.687500
vt 0.875000 0.687500
vt 0.875000 0.750000
vt 0.812500 0.750000
vt 0.687500 0.687500
vt 0.750000 0.687500
vt 0.750000 0.750000
vt 0.687500 0.750000
vt 0.687500 0.562500
vt 0.750000 0.562500
vt 0.750000 0.625000
vt 0.687500 0.625000
vt 0.812500 0.562500
vt 0.875000 0.562500
vt 0.875000 0.625000
vt 0.812500 0.625000
vt 0.187500 0.687500
vt 0.250000 0.687500
vt 0.250000 0.750000
vt 0.187500 0.750000
vt 0.187500 0.562500
vt 0.250000 0.562500
vt 0.250000 0.625000
vt 0.187500 0.625000
vt 0.312500 0.562500
vt 0.342972 0.562500
vt 0.332817 0.625000
vt 0.312500 0.625000
vt 0.437500 0.937500
vt 0.500000 0.937500
vt 0.500000 1.000000
vt 0.437500 1.000000
vt 0.437500 0.812500
vt 0.500000 0.812500
vt 0.500000 0.875000
vt 0.437500 0.875000
vt 0.562500 0.812500
vt 0.569735 0.812500
vt 0.562500 0.875000
vt 0.437500 0.687500
vt 0.500000 0.687500
vt 0.500000 0.750000
vt 0.437500 0.750000
vt 0.437500 0.562500
vt 0.500000 0.562500
vt 0.500000 0.625000
vt 0.437500 0.625000
vt 0.562500 0.562500
vt 0.625000 0.562500
vt 0.625000 0.625000
vt 0.570639 0.625000
vt 0.569259 0.607054
vt 0.581678 0.582415
vt 0.437500 0.437500
vt 0.500000 0.437500
vt 0.500000 0.490334
vt 0.437500 0.475539
vt 0.437500 0.312500
vt 0.500000 0.312500
vt 0.500000 0.375000
vt 0.437500 0.375000
vt 0.562500 0.312500
vt 0.625000 0.312500
vt 0.625000 0.375000
vt 0.564012 0.375000
vt 0.562500 0.375000
vt 0.437500 0.187500
vt 0.500000 0.187500
vt 0.500000 0.250000
vt 0.437500 0.250000
vt 0.437500 0.062500
vt 0.500000 0.062500
vt 0.500000 0.125000
vt 0.437500 0.125000
vt 0.562500 0.062500
vt 0.625000 0.062500
vt 0.625000 0.125000
vt 0.562500 0.125000
vt 0.500000 0.000000
vt 0.562500 0.000000
vt 0.625000 0.000000
vt 0.375000 0.062500
vt 0.375000 0.125000
vt 0.375000 0.000000
vt 0.437500 0.000000
vt 0.375000 0.187500
vt 0.375000 0.250000
vt 0.375000 0.312500
vt 0.375000 0.375000
vt 0.375000 0.437500
vt 0.437500 0.500000
vt 0.379680 0.500000
vt 0.375000 0.498632
vt 0.562500 0.625000
vt 0.500000 0.500000
vt 0.375000 0.562500
vt 0.393525 0.562500
vt 0.375000 0.625000
vt 0.375000 0.500000
vt 0.399647 0.687500
vt 0.389879 0.750000
vt 0.562500 0.750000
vt 0.375000 0.812500
vt 0.375000 0.875000
vt 0.375000 0.937500
vt 0.375000 1.000000
vt 0.250000 0.500000
vt 0.312500 0.500000
vt 0.373632 0.500000
vt 0.125000 0.562500
vt 0.125000 0.625000
vt 0.125000 0.500000
vt 0.187500 0.500000
vt 0.125000 0.687500
vt 0.125000 0.750000
vt 0.750000 0.500000
vt 0.812500 0.500000
vt 0.875000 0.500000
vt 0.687500 0.500000
vt 0.625000 0.875000
vt 0.549347 0.437500
vt 0.562500 0.379648
vt 0.625000 0.812500
s 0
usemtl 材质.005
f 861/1045/713 792/1046/713 767/1047/713 805/1048/713
f 860/1049/714 795/1050/714 771/1051/714 808/1052/714
f 859/1053/715 798/1054/715 769/1055/715 871/1056/715
f 858/1057/716 801/1058/716 765/1059/716 791/1060/716
f 857/1061/717 809/1062/717 768/1063/717 800/1064/717
f 856/1065/718 804/1066/718 765/1067/718 801/1068/718
f 855/1069/719 814/1070/719 783/1071/719 813/1072/719
f 854/1073/720 815/1074/720 784/1075/720 816/1076/720
f 853/1077/721 792/1078/721 774/1079/721 817/1080/721
f 852/1081/722 818/1082/722 782/1083/722 812/1084/722
f 851/1085/723 819/1086/723 785/1087/723 820/1088/723
f 850/1089/724 874/1090/724 867/1091/724 821/1092/724
f 849/1093/725 822/1094/725 773/1095/725 803/1096/725
f 848/1097/726 823/1098/726 786/1099/726 824/1100/726
f 847/1101/727 862/1102/727 825/1103/727
f 846/1104/715 826/1105/715 781/1106/715 799/1107/715
f 845/1108/728 827/1109/728 787/1110/728 828/1111/728
f 844/1112/729 810/1113/729 780/1114/729 869/1115/729 877/1116/729 878/1117/729
f 843/1118/730 830/1119/730 865/1120/730 863/1121/730
f 842/1122/731 831/1123/731 788/1124/731 832/1125/731
f 841/1126/732 807/1127/732 777/1128/732 864/1129/732 833/1130/732
f 840/1131/733 834/1132/733 775/1133/733 793/1134/733
f 839/1135/734 835/1136/734 789/1137/734 836/1138/734
f 838/1139/735 804/1140/735 774/1141/735 837/1142/735
f 835/1136/736 838/1139/736 837/1142/736 789/1137/736
f 773/1143/737 791/1144/737 838/1139/737 835/1136/737
f 791/1144/738 765/1145/738 804/1140/738 838/1139/738
f 790/1146/739 839/1135/739 836/1138/739 772/1147/739
f 764/1148/740 803/1149/740 839/1135/740 790/1146/740
f 803/1149/741 773/1143/741 835/1136/741 839/1135/741
f 802/1150/742 840/1131/742 793/1134/742 766/1151/742
f 772/1147/743 836/1138/743 840/1131/743 802/1150/743
f 836/1138/744 789/1137/744 834/1132/744 840/1131/744
f 831/1123/745 841/1126/745 833/1130/745 788/1124/745
f 775/1133/746 805/1048/746 841/1126/746 831/1123/746
f 805/1048/747 767/1047/747 807/1127/747 841/1126/747
f 794/1152/748 842/1122/748 832/1125/748 776/1153/748
f 766/1151/749 793/1134/749 842/1122/749 794/1152/749
f 793/1134/750 775/1133/750 831/1123/750 842/1122/750
f 806/1154/751 843/1118/751 863/1121/751 796/1155/751 873/1156/751 875/1157/751
f 776/1153/752 832/1125/752 843/1118/752 806/1154/752
f 832/1125/753 788/1124/753 830/1119/753 843/1118/753
f 827/1109/754 844/1112/754 829/1158/754 787/1110/754
f 778/1159/755 808/1052/755 844/1112/755 827/1109/755
f 808/1052/756 771/1051/756 810/1113/756 844/1112/756
f 797/1160/757 870/1161/757 845/1108/757 828/1111/757 779/1162/757
f 770/1163/758 873/1156/758 870/1161/758 797/1160/758
f 796/1155/759 778/1159/759 827/1109/759 845/1108/759
f 809/1062/715 866/1164/715 868/1165/715 768/1063/715
f 779/1162/760 828/1111/760 846/1104/760 866/1164/760 809/1062/760
f 828/1111/761 787/1110/761 826/1105/761 846/1104/761
f 823/1098/762 847/1101/762 825/1103/762 786/1099/762
f 781/1106/763 811/1166/763 847/1101/763 823/1098/763
f 811/1166/764 871/1056/764 862/1102/764 847/1101/764
f 800/1167/726 848/1097/726 824/1100/726 782/1168/726
f 768/1063/726 868/1165/726 799/1107/726 848/1097/726 800/1167/726
f 799/1107/726 781/1106/726 823/1098/726 848/1097/726
f 812/1169/765 849/1093/765 803/1096/765 764/1170/765
f 782/1168/766 824/1100/766 849/1093/766 812/1169/766
f 824/1100/767 786/1099/767 822/1094/767 849/1093/767
f 819/1086/768 850/1089/768 821/1092/768 785/1087/768
f 776/1171/769 806/1172/769 850/1089/769 819/1086/769
f 806/1172/770 875/1173/770 770/1163/770 797/1160/770 874/1090/770 850/1089/770
f 802/1174/771 851/1085/771 820/1088/771 772/1175/771
f 766/1176/772 794/1177/772 851/1085/772 802/1174/772
f 794/1177/773 776/1171/773 819/1086/773 851/1085/773
f 790/1178/774 852/1081/774 812/1084/774 764/1179/774
f 772/1175/775 820/1088/775 852/1081/775 790/1178/775
f 820/1088/776 785/1087/776 818/1082/776 852/1081/776
f 815/1074/777 853/1077/777 817/1080/777 784/1075/777
f 777/1180/778 807/1181/778 853/1077/778 815/1074/778
f 807/1181/779 767/1182/779 792/1078/779 853/1077/779
f 810/1113/780 854/1073/780 816/1076/780 780/1114/780
f 771/1051/781 795/1183/781 854/1073/781 810/1113/781
f 795/1183/782 777/1180/782 815/1074/782 854/1073/782
f 798/1054/783 855/1069/783 813/1072/783 769/1055/783
f 780/1114/784 816/1076/784 855/1069/784 798/1054/784
f 816/1076/785 784/1075/785 814/1070/785 855/1069/785
f 814/1070/786 856/1065/786 801/1068/786 783/1071/786
f 784/1075/787 817/1080/787 856/1065/787 814/1070/787
f 817/1080/788 774/1079/788 804/1066/788 856/1065/788
f 818/1082/789 857/1061/789 800/1064/789 782/1083/789
f 785/1087/790 821/1092/790 857/1061/790 818/1082/790
f 821/1092/791 867/1091/791 779/1162/791 809/1062/791 857/1061/791
f 822/1094/792 858/1057/792 791/1060/792 773/1095/792
f 786/1099/726 825/1103/726 858/1057/726 822/1094/726
f 825/1103/726 783/1184/726 801/1058/726 858/1057/726
f 826/1105/715 859/1053/715 811/1166/715 781/1106/715
f 787/1110/793 829/1158/793 859/1053/793 826/1105/793
f 829/1158/794 869/1115/794 780/1114/794 798/1054/794 859/1053/794
f 830/1119/795 876/1185/795 860/1049/795 808/1052/795 778/1159/795 865/1120/795
f 788/1124/796 833/1130/796 872/1186/796 876/1185/796 830/1119/796
f 833/1130/797 864/1129/797 872/1186/797
f 834/1132/798 861/1045/798 805/1048/798 775/1133/798
f 789/1137/799 837/1142/799 861/1045/799 834/1132/799
f 837/1142/800 774/1141/800 792/1046/800 861/1045/800
f 878/1117/801 877/1116/801 869/1115/801 829/1158/801 844/1112/801
f 876/1185/802 872/1186/802 860/1049/802
f 863/1121/803 865/1120/803 778/1159/803 796/1155/803
f 870/1161/804 873/1156/804 796/1155/804 845/1108/804
f 872/1186/805 864/1129/805 777/1128/805 795/1050/805 860/1049/805
f 867/1091/806 874/1090/806 797/1160/806 779/1162/806
f 871/1056/715 811/1166/715 859/1053/715
f 868/1165/715 866/1164/715 846/1104/715 799/1107/715
f 875/1157/807 873/1156/807 770/1163/807
f 825/1103/808 862/1102/808 813/1187/808 783/1184/808
f 862/1102/809 871/1056/809 769/1055/809 813/1187/809
o 锥体
v -0.113670 2.177984 -0.404611
v -0.013741 2.177984 -0.384733
v 0.009222 2.142620 -0.310658
v 0.015503 2.154505 -0.234185
v 0.041820 2.157185 -0.145132
v 0.034791 2.143870 -0.065979
v 0.020836 2.146746 0.009545
v -0.019946 2.182559 0.079941
v -0.097425 2.154240 0.117847
v -0.182907 2.195684 0.070782
v -0.202324 2.154823 0.044390
v -0.236676 2.128892 -0.066326
v -0.245269 2.136744 -0.152120
v -0.232867 2.146511 -0.242019
v -0.216465 2.157240 -0.322600
v -0.213599 2.177984 -0.384733
v -0.097714 2.474571 -0.121776
v -0.063705 2.177984 -0.394672
v -0.123102 2.306855 -0.364023
v -0.056188 2.299831 -0.378796
v -0.003226 2.161579 -0.354844
v -0.015194 2.321718 -0.358131
v 0.011397 2.149840 -0.279570
v 0.009867 2.305432 -0.271571
v 0.028662 2.155845 -0.189659
v 0.051552 2.188935 -0.146542
v 0.038306 2.150527 -0.105556
v 0.042154 2.183670 -0.078573
v 0.027814 2.145308 -0.028217
v 0.027019 2.289996 0.024821
v 0.003548 2.162365 0.053656
v -0.045141 2.287789 0.106039
v -0.063705 2.177984 0.107705
v -0.101835 2.319329 0.141724
v -0.147366 2.173193 0.107127
v -0.149492 2.303847 0.135779
v -0.191693 2.161613 0.070500
v -0.202725 2.322174 0.086290
v -0.221612 2.279158 -0.006596
v -0.232495 2.328032 -0.076480
v -0.240972 2.132818 -0.109223
v -0.242896 2.322913 -0.131655
v -0.239068 2.141627 -0.197069
v -0.248503 2.320223 -0.171904
v -0.224666 2.151876 -0.282309
v -0.235962 2.306153 -0.229401
v -0.200437 2.263668 -0.329006
v -0.193002 2.306463 -0.354646
v -0.163634 2.177984 -0.394672
v -0.038723 2.177984 -0.389703
v -0.118386 2.363154 -0.253753
v -0.034965 2.238907 -0.381765
v 0.002998 2.152099 -0.332751
v -0.002986 2.232169 -0.334395
v 0.013450 2.152173 -0.256878
v 0.012685 2.229969 -0.252878
v 0.035241 2.156515 -0.167396
v 0.046686 2.173059 -0.145837
v 0.036549 2.147199 -0.085768
v 0.038473 2.163770 -0.072276
v 0.024325 2.146027 -0.009336
v 0.023928 2.218371 0.017183
v -0.008199 2.172462 0.066798
v -0.032544 2.235174 0.092990
v -0.088688 2.177984 0.112674
v -0.107752 2.248656 0.129684
v -0.165136 2.184439 0.088955
v -0.166199 2.249766 0.103281
v -0.197008 2.158218 0.057445
v -0.202525 2.238499 0.065340
v -0.229144 2.204025 -0.036461
v -0.234585 2.228462 -0.071403
v -0.243121 2.134781 -0.130671
v -0.244082 2.229828 -0.141887
v -0.235968 2.144069 -0.219544
v -0.240685 2.233367 -0.206961
v -0.220566 2.154558 -0.302455
v -0.226214 2.231697 -0.276001
v -0.207018 2.220826 -0.356870
v -0.203301 2.242223 -0.369690
v -0.138652 2.177984 -0.399641
v -0.088688 2.177984 -0.399641
v -0.118386 2.242419 -0.384317
v -0.084929 2.359642 -0.261140
v -0.008483 2.169781 -0.369789
v -0.064432 2.350231 -0.250807
v 0.010309 2.146230 -0.295114
v -0.051902 2.342088 -0.207527
v 0.022083 2.155175 -0.211922
v -0.000906 2.263940 -0.128343
v 0.040063 2.153856 -0.125344
v -0.006893 2.265228 -0.093041
v 0.031302 2.144589 -0.047098
v -0.012779 2.285389 -0.057871
v 0.012192 2.154555 0.031600
v -0.079405 2.333266 -0.018722
v -0.041826 2.180272 0.093823
v -0.107752 2.349037 -0.000880
v -0.130518 2.175588 0.112385
v -0.126724 2.306041 -0.005790
v -0.187300 2.178649 0.070641
v -0.158198 2.370214 -0.028597
v -0.211968 2.216990 0.018897
v -0.173082 2.373143 -0.109982
v -0.238824 2.130855 -0.087774
v -0.178283 2.370583 -0.137569
v -0.242168 2.139185 -0.174594
v -0.181087 2.369239 -0.157694
v -0.228767 2.149193 -0.262164
v -0.174816 2.362204 -0.186442
v -0.208451 2.210454 -0.325803
v -0.153336 2.362358 -0.249065
v -0.188617 2.177984 -0.389703
v -0.143368 2.242419 -0.379347
v -0.178318 2.242223 -0.374659
v -0.158052 2.306659 -0.359334
v -0.196719 2.285066 -0.341826
v -0.218199 2.284911 -0.279204
v -0.214482 2.306308 -0.292024
v -0.230314 2.229014 -0.255855
v -0.236585 2.236049 -0.227107
v -0.242233 2.313188 -0.200653
v -0.243786 2.230925 -0.184487
v -0.240982 2.232270 -0.164362
v -0.245700 2.321568 -0.151779
v -0.241934 2.227865 -0.120439
v -0.236734 2.230425 -0.092851
v -0.237695 2.325472 -0.104067
v -0.227054 2.303595 -0.041538
v -0.212169 2.300666 0.039847
v -0.217610 2.325103 0.004905
v -0.197209 2.241894 0.078395
v -0.170592 2.232730 0.103140
v -0.176109 2.313011 0.111034
v -0.148429 2.238520 0.121453
v -0.124600 2.246261 0.124425
v -0.125663 2.311588 0.138751
v -0.075769 2.238771 0.126251
v -0.054423 2.232886 0.106872
v -0.073488 2.303559 0.123882
v -0.020797 2.225077 0.079848
v 0.015283 2.226180 0.039239
v -0.009061 2.288893 0.065430
v 0.027416 2.217652 -0.001698
v 0.034984 2.164489 -0.053395
v 0.034587 2.236833 -0.026876
v 0.040230 2.167099 -0.092065
v 0.044929 2.169731 -0.126049
v 0.046853 2.186302 -0.112558
v 0.040107 2.172390 -0.168101
v 0.019264 2.230638 -0.230615
v 0.030709 2.247183 -0.209057
v 0.010632 2.227636 -0.275571
v -0.001899 2.235779 -0.318851
v -0.002664 2.313575 -0.314851
v -0.009210 2.241649 -0.356488
v -0.029707 2.230705 -0.366820
v -0.035691 2.310775 -0.368464
v -0.059947 2.238907 -0.386734
v -0.093404 2.242419 -0.379347
v -0.089645 2.303343 -0.371410
v -0.026232 2.177984 -0.387218
v -0.116028 2.482932 -0.198618
v -0.024353 2.208445 -0.383249
v 0.006110 2.147360 -0.321705
v 0.003118 2.187395 -0.322526
v 0.014477 2.153339 -0.245531
v 0.014094 2.192237 -0.243532
v 0.038531 2.156850 -0.156264
v 0.044253 2.165122 -0.145485
v 0.035670 2.145534 -0.075874
v 0.036632 2.153820 -0.069128
v 0.022580 2.146386 0.000104
v 0.022382 2.182559 0.013364
v -0.014073 2.177511 0.073370
v -0.026245 2.208867 0.086466
v -0.093057 2.166112 0.115261
v -0.102589 2.201448 0.123765
v -0.174022 2.190062 0.079868
v -0.174553 2.222725 0.087031
v -0.199666 2.156520 0.050918
v -0.202424 2.196661 0.054865
v -0.232910 2.166459 -0.051393
v -0.235631 2.178677 -0.068864
v -0.244195 2.135762 -0.141395
v -0.244676 2.183286 -0.147003
v -0.234417 2.145290 -0.230781
v -0.236776 2.189939 -0.224490
v -0.218515 2.155899 -0.312527
v -0.221339 2.194469 -0.299300
v -0.210308 2.199405 -0.370801
v -0.208450 2.210103 -0.377211
v -0.126161 2.177984 -0.402126
v -0.076197 2.177984 -0.397157
v -0.120744 2.274637 -0.374170
v -0.070559 2.329737 -0.319968
v -0.005854 2.165680 -0.362316
v -0.039813 2.335975 -0.304469
v 0.010853 2.148035 -0.287342
v -0.021017 2.323760 -0.239549
v 0.025372 2.155510 -0.200790
v 0.025323 2.226437 -0.137443
v 0.039184 2.152192 -0.115450
v 0.017631 2.224449 -0.085807
v 0.029558 2.144948 -0.037658
v 0.007120 2.287693 -0.016525
v 0.007870 2.158460 0.042628
v -0.062273 2.310528 0.043659
v -0.052766 2.179127 0.100764
v -0.104793 2.334183 0.070422
v -0.138942 2.174391 0.109756
v -0.138108 2.304944 0.064995
v -0.189496 2.170131 0.070571
v -0.180462 2.346194 0.028847
v -0.216790 2.248074 0.006150
v -0.202789 2.350588 -0.093231
v -0.239898 2.131836 -0.098498
v -0.210589 2.346748 -0.134612
v -0.240618 2.140406 -0.185832
v -0.214795 2.344731 -0.164799
v -0.226716 2.150534 -0.272237
v -0.205389 2.334178 -0.207922
v -0.204444 2.237062 -0.327404
v -0.173169 2.334410 -0.301855
v -0.176126 2.177984 -0.392187
v -0.133235 2.274637 -0.371685
v -0.185660 2.274343 -0.364652
v -0.175527 2.306561 -0.356990
v -0.194861 2.295764 -0.348236
v -0.227081 2.295532 -0.254302
v -0.225222 2.306231 -0.260712
v -0.233138 2.267584 -0.242628
v -0.242544 2.278136 -0.199505
v -0.245368 2.316706 -0.186278
v -0.246145 2.275574 -0.178195
v -0.241939 2.277591 -0.148008
v -0.244298 2.322240 -0.141717
v -0.242415 2.275389 -0.126047
v -0.234614 2.279228 -0.084665
v -0.235095 2.326752 -0.090274
v -0.229774 2.315814 -0.059009
v -0.207447 2.311420 0.063068
v -0.210168 2.323639 0.045597
v -0.199967 2.282034 0.082342
v -0.160042 2.268288 0.119459
v -0.162800 2.308429 0.123407
v -0.148960 2.271183 0.128616
v -0.113217 2.282795 0.133074
v -0.113749 2.315459 0.140237
v -0.088802 2.279050 0.133987
v -0.049782 2.260338 0.106456
v -0.059314 2.295674 0.114960
v -0.032969 2.256433 0.092943
v 0.021151 2.258088 0.032030
v 0.008979 2.289444 0.045126
v 0.027218 2.253824 0.011562
v 0.038569 2.174079 -0.065984
v 0.038371 2.210251 -0.052725
v 0.041192 2.175384 -0.085319
v 0.048241 2.179333 -0.136296
v 0.049203 2.187618 -0.129550
v 0.045830 2.180662 -0.157321
v 0.014565 2.268035 -0.251093
v 0.020288 2.276307 -0.240314
v 0.010249 2.266534 -0.273571
v -0.008546 2.278749 -0.338491
v -0.008929 2.317647 -0.336491
v -0.012202 2.281683 -0.357309
v -0.042948 2.265268 -0.372808
v -0.045940 2.305303 -0.373630
v -0.058068 2.269369 -0.382765
v -0.108253 2.274637 -0.371685
v -0.106374 2.305099 -0.367716
v -0.051214 2.177984 -0.392187
v -0.120744 2.335005 -0.308888
v -0.045576 2.269369 -0.380281
v -0.000114 2.156839 -0.343798
v -0.009090 2.276944 -0.346263
v 0.012423 2.151006 -0.268224
v 0.011276 2.267700 -0.262225
v 0.031951 2.156180 -0.178527
v 0.049119 2.180997 -0.146190
v 0.037427 2.148863 -0.095662
v 0.040314 2.173720 -0.075425
v 0.026069 2.145667 -0.018777
v 0.025473 2.254184 0.021002
v -0.002326 2.167413 0.060227
v -0.038842 2.261482 0.099515
v -0.076197 2.177984 0.110190
v -0.104793 2.283993 0.135704
v -0.156251 2.178816 0.098041
v -0.157846 2.276806 0.119530
v -0.194351 2.159915 0.063973
v -0.202625 2.280336 0.075815
v -0.225378 2.241591 -0.021528
v -0.233540 2.278247 -0.073941
v -0.242047 2.133799 -0.119947
v -0.243489 2.276371 -0.136771
v -0.237518 2.142848 -0.208307
v -0.244594 2.276795 -0.189433
v -0.222616 2.153217 -0.292382
v -0.231088 2.268925 -0.252701
v -0.203727 2.242247 -0.342938
v -0.198151 2.274343 -0.362168
v -0.151143 2.177984 -0.397157
v -0.101179 2.177984 -0.402126
v -0.116028 2.210202 -0.394464
v -0.099300 2.481176 -0.202312
v -0.011112 2.173882 -0.377261
v -0.089051 2.476470 -0.197145
v 0.009765 2.144425 -0.302886
v -0.069711 2.465669 -0.184461
v 0.018793 2.154840 -0.223054
v -0.057288 2.433325 -0.135913
v 0.040942 2.155520 -0.135238
v -0.060281 2.433969 -0.118262
v 0.033047 2.144229 -0.056539
v -0.059400 2.440961 -0.099741
v 0.016514 2.150651 0.020572
v -0.090742 2.464181 -0.058821
v -0.030886 2.181416 0.086882
v -0.112219 2.476906 -0.064792
v -0.113972 2.164914 0.115116
v -0.123929 2.477606 -0.070757
v -0.185103 2.187167 0.070712
v -0.135934 2.486462 -0.086040
v -0.207146 2.185906 0.031643
v -0.143376 2.487926 -0.126733
v -0.237750 2.129874 -0.077050
v -0.145976 2.486646 -0.140526
v -0.243719 2.137964 -0.163357
v -0.147378 2.485974 -0.150589
v -0.230817 2.147852 -0.252092
v -0.144243 2.482457 -0.164963
v -0.212458 2.183847 -0.324201
v -0.133503 2.482534 -0.196274
v -0.201108 2.177984 -0.387218
v -0.153501 2.210202 -0.387010
v -0.170976 2.210103 -0.384665
v -0.140577 2.306757 -0.361679
v -0.198578 2.274367 -0.335416
v -0.209318 2.274290 -0.304105
v -0.203742 2.306385 -0.323335
v -0.227490 2.190445 -0.269082
v -0.230625 2.193963 -0.254708
v -0.239098 2.309671 -0.215027
v -0.241427 2.186276 -0.190778
v -0.240025 2.186949 -0.180716
v -0.247102 2.320896 -0.161842
v -0.241453 2.180341 -0.114831
v -0.238853 2.181621 -0.101037
v -0.240296 2.324193 -0.117861
v -0.224333 2.291376 -0.024067
v -0.216891 2.289912 0.016625
v -0.225052 2.326568 -0.035787
v -0.194451 2.201753 0.074448
v -0.181143 2.197171 0.086820
v -0.189417 2.317592 0.098662
v -0.147897 2.205857 0.114290
v -0.135983 2.209727 0.115776
v -0.137578 2.307717 0.137265
v -0.069737 2.208377 0.116978
v -0.059064 2.205435 0.107289
v -0.087661 2.311444 0.132803
v -0.008625 2.193721 0.066752
v 0.009415 2.194273 0.046447
v -0.027101 2.288341 0.085735
v 0.027615 2.181480 -0.014958
v 0.031399 2.154898 -0.040806
v 0.030803 2.263414 -0.001027
v 0.039268 2.158813 -0.098810
v 0.041617 2.160129 -0.115803
v 0.044504 2.184986 -0.095566
v 0.034384 2.164117 -0.178880
v 0.023963 2.193242 -0.210137
v 0.041131 2.218059 -0.177800
v 0.011014 2.188738 -0.277570
v 0.004749 2.192809 -0.299210
v 0.003602 2.309503 -0.293211
v -0.006218 2.201614 -0.355666
v -0.016466 2.196142 -0.360832
v -0.025442 2.316247 -0.363298
v -0.061826 2.208445 -0.390703
v -0.078555 2.210202 -0.387010
v -0.072917 2.301587 -0.375103
v -0.087287 2.331493 -0.316275
v -0.104016 2.333249 -0.312581
v -0.101658 2.361398 -0.257447
v -0.074796 2.271125 -0.379072
v -0.076675 2.240663 -0.383041
v -0.091525 2.272881 -0.375379
v -0.036844 2.208445 -0.385734
v -0.049335 2.208445 -0.388218
v -0.047456 2.238907 -0.384250
v -0.050061 2.330503 -0.309636
v -0.060310 2.335208 -0.314802
v -0.074680 2.354937 -0.255974
v -0.022450 2.276212 -0.362476
v -0.019458 2.236177 -0.361654
v -0.032699 2.270740 -0.367642
v 0.000006 2.192134 -0.333573
v -0.003106 2.196874 -0.344619
v -0.006098 2.236909 -0.345441
v -0.027283 2.327832 -0.261189
v -0.033548 2.331903 -0.282829
v -0.058167 2.346160 -0.229167
v 0.003984 2.270605 -0.295211
v 0.004367 2.231707 -0.297211
v -0.002281 2.274677 -0.316851
v 0.013068 2.191071 -0.254878
v 0.012041 2.189904 -0.266224
v 0.011658 2.228802 -0.264224
v 0.014902 2.255561 -0.168700
v -0.010596 2.294636 -0.208292
v -0.026404 2.303014 -0.167935
v 0.035408 2.209786 -0.188579
v 0.029686 2.201514 -0.199358
v 0.024987 2.238911 -0.219836
v 0.040964 2.164787 -0.156617
v 0.037674 2.164452 -0.167748
v 0.043397 2.172725 -0.156969
v 0.019980 2.225765 -0.102799
v 0.022974 2.225121 -0.120450
v -0.003899 2.264584 -0.110692
v 0.043542 2.176700 -0.102311
v 0.042579 2.168415 -0.109057
v 0.045891 2.178016 -0.119304
v 0.037511 2.155484 -0.079022
v 0.038389 2.157149 -0.088916
v 0.039351 2.165434 -0.082171
v 0.010904 2.261111 -0.042373
v 0.013847 2.251030 -0.059958
v -0.009836 2.275309 -0.075456
v 0.031002 2.227242 -0.014287
v 0.031200 2.191070 -0.027547
v 0.034785 2.200661 -0.040136
v 0.024126 2.182199 0.003923
v 0.025871 2.181839 -0.005517
v 0.025672 2.218011 0.007743
v -0.044233 2.311080 0.023354
v -0.010920 2.287141 0.003780
v -0.046092 2.309328 -0.038296
v -0.014929 2.256985 0.072639
v -0.002757 2.225629 0.059543
v 0.003111 2.257536 0.052334
v -0.020371 2.203818 0.079894
v -0.014498 2.198770 0.073323
v -0.026670 2.230125 0.086419
v -0.090620 2.326298 0.061501
v -0.076447 2.318413 0.052580
v -0.093579 2.341152 -0.009801
v -0.074629 2.271165 0.125066
v -0.065096 2.235829 0.116562
v -0.063956 2.268223 0.115377
v -0.098220 2.213320 0.121179
v -0.082229 2.208377 0.119463
v -0.091761 2.243714 0.127967
v -0.126194 2.308814 0.066481
v -0.116708 2.330312 0.068936
v -0.117238 2.327539 -0.003335
v -0.137046 2.275054 0.130102
v -0.136515 2.242391 0.122939
v -0.125132 2.278925 0.131588
v -0.165668 2.217102 0.096118
v -0.156783 2.211480 0.105204
v -0.157314 2.244143 0.112367
v -0.167153 2.341612 0.041219
v -0.151416 2.309525 0.052622
v -0.142461 2.338127 -0.017193
v -0.186659 2.277452 0.094715
v -0.183901 2.237312 0.090767
v -0.173351 2.272870 0.107087
v -0.199766 2.198358 0.061392
v -0.197109 2.200056 0.067920
v -0.199867 2.240196 0.071867
v -0.195346 2.349123 -0.052538
v -0.187904 2.347659 -0.011846
v -0.165640 2.371679 -0.069289
v -0.222332 2.314349 -0.018316
v -0.219611 2.302130 -0.000846
v -0.214889 2.312885 0.022376
v -0.231865 2.216244 -0.053932
v -0.228099 2.253810 -0.038999
v -0.230819 2.266028 -0.056470
v -0.207989 2.348028 -0.120818
v -0.205389 2.349308 -0.107024
v -0.175683 2.371863 -0.123775
v -0.239815 2.276669 -0.112253
v -0.239334 2.229145 -0.106645
v -0.237214 2.277949 -0.098459
v -0.243602 2.182304 -0.136279
v -0.242527 2.181323 -0.125555
v -0.243008 2.228847 -0.131163
v -0.213393 2.345403 -0.154737
v -0.211991 2.346076 -0.144674
v -0.179685 2.369911 -0.147631
v -0.244743 2.276247 -0.168133
v -0.242384 2.231597 -0.174424
v -0.243341 2.276919 -0.158071
v -0.238326 2.188718 -0.213253
v -0.239877 2.187497 -0.202015
v -0.242235 2.232146 -0.195724
v -0.208524 2.337696 -0.193548
v -0.211660 2.341213 -0.179173
v -0.177951 2.365721 -0.172068
v -0.236273 2.271101 -0.228254
v -0.233449 2.232532 -0.241481
v -0.239409 2.274619 -0.213880
v -0.223390 2.193127 -0.289228
v -0.225440 2.191786 -0.279155
v -0.228264 2.230356 -0.265928
v -0.183909 2.334333 -0.270544
v -0.194649 2.334256 -0.239233
v -0.164076 2.362281 -0.217753
v -0.205601 2.295687 -0.316925
v -0.207459 2.284988 -0.310515
v -0.216341 2.295609 -0.285614
v -0.205159 2.231524 -0.363280
v -0.201869 2.252946 -0.349348
v -0.200010 2.263644 -0.355758
v -0.138219 2.334907 -0.306544
v -0.155694 2.334509 -0.304199
v -0.135861 2.362756 -0.251409
v -0.150710 2.274539 -0.369341
v -0.160843 2.242321 -0.377003
v -0.168185 2.274441 -0.366997
v -0.128519 2.210202 -0.391979
v -0.141010 2.210202 -0.389494
v -0.130877 2.242419 -0.381832
v -0.183468 2.210103 -0.382181
v -0.195959 2.210103 -0.379696
v -0.190809 2.242223 -0.372174
v -0.213325 2.247683 -0.302503
v -0.217332 2.221076 -0.300902
v -0.222207 2.258304 -0.277602
v -0.232676 2.192621 -0.244635
v -0.234726 2.191280 -0.234563
v -0.238635 2.234708 -0.217034
v -0.241575 2.185728 -0.169478
v -0.243125 2.184507 -0.158241
v -0.242532 2.231049 -0.153125
v -0.237779 2.180640 -0.090313
v -0.236705 2.179659 -0.079588
v -0.235659 2.229444 -0.082127
v -0.212068 2.258828 0.029372
v -0.207246 2.227744 0.042118
v -0.207347 2.269582 0.052593
v -0.178946 2.205689 0.086890
v -0.176750 2.214207 0.086961
v -0.168396 2.241248 0.103210
v -0.127559 2.210925 0.118405
v -0.119135 2.212122 0.121034
v -0.116176 2.247459 0.127054
v -0.048125 2.206579 0.100348
v -0.037185 2.207723 0.093407
v -0.043483 2.234030 0.099931
v 0.013738 2.190368 0.035419
v 0.018060 2.186463 0.024392
v 0.019606 2.222276 0.028211
v 0.033143 2.154539 -0.050247
v 0.034888 2.154179 -0.059687
v 0.036728 2.164129 -0.062836
v 0.042496 2.161793 -0.125697
v 0.043375 2.163458 -0.135591
v 0.045808 2.171395 -0.135943
v 0.020673 2.192907 -0.221269
v 0.017384 2.192572 -0.232400
v 0.015975 2.230304 -0.241747
v 0.004205 2.191005 -0.306982
v 0.003662 2.189200 -0.314754
v -0.002442 2.233974 -0.326623
v -0.019095 2.200243 -0.368305
v -0.021724 2.204344 -0.375777
v -0.032336 2.234806 -0.374293
v -0.091046 2.210202 -0.389494
v -0.103537 2.210202 -0.391979
v -0.105895 2.242419 -0.381832
vn 0.1856 0.3075 -0.9333
vn 0.9320 0.3318 -0.1458
vn 0.9894 0.1098 -0.0947
vn 0.9587 -0.0341 -0.2823
vn 0.9559 -0.2914 0.0359
vn 0.9752 -0.1219 0.1848
vn 0.9179 -0.0810 0.3884
vn 0.5399 -0.0786 0.8380
vn -0.2530 -0.1475 0.9562
vn 0.9651 -0.2482 -0.0832
vn -0.9726 -0.0586 0.2249
vn -0.9944 0.0261 0.1020
vn -0.9906 0.0273 -0.1337
vn -0.9797 -0.0073 -0.2004
vn -0.0659 -0.9978 0.0100
vn -0.9189 0.1157 -0.3771
vn -0.1888 0.2525 -0.9490
vn -0.1871 0.2826 -0.9408
vn -0.1296 0.2678 -0.9547
vn -0.0651 0.8918 -0.4477
vn -0.9867 0.1619 -0.0159
vn -0.9455 -0.0301 -0.3244
vn -0.5831 0.7879 -0.1981
vn -0.9798 -0.0032 -0.1999
vn -0.9769 0.0017 -0.2135
vn -0.5161 0.7992 -0.3081
vn -0.9896 -0.0325 -0.1401
vn -0.9872 -0.0722 0.1424
vn -0.5918 0.8056 0.0286
vn -0.9950 0.0017 0.0998
vn -0.9828 0.0118 0.1842
vn -0.5911 0.8058 0.0367
vn -0.9843 0.0295 0.1739
vn -0.9826 0.0402 0.1812
vn -0.5518 0.8237 0.1306
vn -0.9118 -0.1018 0.3977
vn -0.6976 -0.1174 0.7068
vn 0.2754 0.9595 0.0592
vn -0.7522 -0.1528 0.6410
vn -0.0519 -0.2147 0.9753
vn -0.3255 0.9229 0.2058
vn 0.1888 -0.2521 0.9491
vn 0.6537 -0.0991 0.7502
vn 0.5504 0.8216 0.1483
vn 0.7518 0.0165 0.6592
vn 0.7473 0.0126 0.6643
vn -0.0604 0.9978 -0.0265
vn 0.9810 -0.0619 0.1836
vn 0.9727 -0.0752 0.2197
vn 0.8331 0.4420 -0.3326
vn 0.9848 -0.1632 0.0600
vn 0.9708 -0.2088 0.1180
vn 0.8268 0.5404 0.1562
vn 0.9192 -0.2934 -0.2628
vn 0.9096 -0.1057 -0.4018
vn 0.7132 0.6154 0.3356
vn 0.9957 0.0145 -0.0916
vn 0.9615 0.0235 -0.2739
vn 0.5185 0.8550 0.0107
vn 0.9675 0.0673 -0.2437
vn 0.4438 0.0148 -0.8960
vn -0.2101 0.8498 -0.4833
vn 0.1938 0.1150 -0.9743
vn -0.1996 0.1387 -0.9700
vn -0.0068 0.8907 -0.4545
vn -0.1543 0.4156 -0.8964
vn -0.2874 0.8847 -0.3669
vn 0.4810 0.8599 -0.1709
vn 0.5542 0.4148 -0.7216
vn 0.9359 0.2757 -0.2191
vn 0.8241 0.5245 0.2139
vn 0.7461 0.6469 0.1579
vn 0.9019 0.2013 -0.3822
vn 0.8339 0.5292 0.1563
vn 0.8342 0.5379 0.1218
vn 0.9365 0.3183 0.1472
vn 0.9708 -0.2088 0.1181
vn 0.7706 0.4973 -0.3986
vn 0.7647 0.6059 -0.2194
vn 0.9539 0.3000 -0.0123
vn 0.2687 0.9264 0.2639
vn 0.5673 0.8225 -0.0405
vn 0.6545 0.3731 0.6576
vn 0.6178 0.2787 0.7353
vn 0.5374 0.0119 0.8433
vn 0.6727 0.0034 0.7399
vn 0.5024 -0.0719 0.8617
vn 0.5833 -0.0379 0.8113
vn 0.0350 -0.2249 0.9737
vn 0.0524 -0.1720 0.9837
vn -0.3049 0.9518 -0.0343
vn -0.9145 0.4045 -0.0088
vn -0.7612 0.2685 0.5903
vn -0.0303 0.9263 0.3756
vn 0.8053 0.5052 0.3103
vn 0.0429 0.3532 0.9346
vn -0.9450 0.2712 0.1826
vn -0.9508 0.2686 0.1543
vn -0.9562 0.2691 0.1152
vn -0.9206 0.2823 -0.2699
vn -0.9066 0.2859 -0.3103
vn -0.0656 0.8899 -0.4515
vn -0.0802 0.8911 -0.4467
vn -0.1302 0.4167 -0.8997
vn 0.9651 -0.2482 -0.0831
vn -0.2770 -0.1388 0.9508
vn 0.9179 -0.0810 0.3885
vn -0.0079 0.9939 0.1100
vn 0.1257 0.9910 0.0456
vn 0.3091 0.9371 -0.1619
vn 0.2788 0.9549 -0.1026
vn 0.2921 0.9457 -0.1428
vn 0.2824 0.9591 -0.0171
vn 0.1821 0.4074 0.8949
vn -0.6271 0.3505 0.6957
vn 0.4348 0.8842 0.1708
vn -0.7331 0.2513 0.6320
vn -0.4064 0.3593 0.8401
vn 0.0712 0.9972 -0.0227
vn 0.6327 0.3638 0.6836
vn -0.0384 0.3706 0.9280
vn 0.4893 0.8676 0.0890
vn 0.6270 0.2773 0.7280
vn 0.8318 0.3016 0.4660
vn 0.6402 0.7662 0.0556
vn 0.9582 0.2862 -0.0037
vn 0.9535 0.2640 -0.1451
vn 0.7186 0.6386 -0.2753
vn 0.7274 0.6791 0.0986
vn 0.9090 0.2892 -0.3000
vn 0.9652 0.2487 -0.0813
vn 0.7332 0.6374 0.2370
vn 0.9531 0.1824 -0.2416
vn 0.6385 0.3230 -0.6985
vn 0.4488 0.8906 0.0740
vn 0.3879 0.9192 0.0677
vn 0.1213 0.9895 0.0788
vn -0.9454 -0.0301 -0.3244
vt 0.250000 0.490000
vt 0.250000 0.460000
vt 0.261481 0.487716
vt 0.341844 0.471731
vt 0.330364 0.444015
vt 0.351577 0.465228
vt 0.419706 0.419706
vt 0.398492 0.398492
vt 0.426209 0.409973
vt 0.471731 0.341844
vt 0.444015 0.330364
vt 0.474015 0.330364
vt 0.490000 0.250000
vt 0.460000 0.250000
vt 0.487716 0.238519
vt 0.471731 0.158156
vt 0.444015 0.169636
vt 0.465228 0.148423
vt 0.419706 0.080294
vt 0.398492 0.101508
vt 0.409973 0.073791
vt 0.341844 0.028269
vt 0.330364 0.055985
vt 0.330364 0.025985
vt 0.250000 0.010000
vt 0.250000 0.040000
vt 0.238519 0.012284
vt 0.158156 0.028269
vt 0.169636 0.055985
vt 0.148423 0.034772
vt 0.080294 0.080294
vt 0.101508 0.101508
vt 0.073791 0.090027
vt 0.028269 0.158156
vt 0.055985 0.169636
vt 0.025985 0.169636
vt 0.010000 0.250000
vt 0.040000 0.250000
vt 0.012284 0.261481
vt 0.028269 0.341844
vt 0.055985 0.330364
vt 0.034772 0.351577
vt 0.750000 0.490000
vt 0.761481 0.487716
vt 0.772961 0.485433
vt 0.784442 0.483149
vt 0.795922 0.480866
vt 0.807403 0.478582
vt 0.818883 0.476298
vt 0.830364 0.474015
vt 0.841844 0.471731
vt 0.851577 0.465228
vt 0.861309 0.458725
vt 0.871042 0.452222
vt 0.880775 0.445718
vt 0.890508 0.439215
vt 0.900240 0.432712
vt 0.909973 0.426209
vt 0.919706 0.419706
vt 0.926209 0.409973
vt 0.932712 0.400240
vt 0.939215 0.390508
vt 0.945718 0.380775
vt 0.952222 0.371042
vt 0.958725 0.361309
vt 0.965228 0.351577
vt 0.971731 0.341844
vt 0.974015 0.330364
vt 0.976298 0.318883
vt 0.978582 0.307402
vt 0.980866 0.295922
vt 0.983149 0.284442
vt 0.985433 0.272961
vt 0.987716 0.261481
vt 0.990000 0.250000
vt 0.987716 0.238519
vt 0.985433 0.227039
vt 0.983149 0.215558
vt 0.980866 0.204078
vt 0.978582 0.192597
vt 0.976298 0.181117
vt 0.974015 0.169636
vt 0.971731 0.158156
vt 0.965228 0.148423
vt 0.958725 0.138691
vt 0.952222 0.128958
vt 0.945718 0.119225
vt 0.939215 0.109492
vt 0.932712 0.099760
vt 0.926209 0.090027
vt 0.919706 0.080294
vt 0.909973 0.073791
vt 0.900240 0.067288
vt 0.890508 0.060785
vt 0.880775 0.054282
vt 0.871042 0.047778
vt 0.861309 0.041275
vt 0.851577 0.034772
vt 0.841844 0.028269
vt 0.830364 0.025985
vt 0.818883 0.023702
vt 0.807403 0.021418
vt 0.795922 0.019134
vt 0.784442 0.016851
vt 0.772961 0.014567
vt 0.761481 0.012284
vt 0.750000 0.010000
vt 0.738519 0.012284
vt 0.727039 0.014567
vt 0.715558 0.016851
vt 0.704078 0.019134
vt 0.692597 0.021418
vt 0.681117 0.023702
vt 0.669636 0.025985
vt 0.658156 0.028269
vt 0.648423 0.034772
vt 0.638691 0.041275
vt 0.628958 0.047778
vt 0.619225 0.054282
vt 0.609492 0.060785
vt 0.599760 0.067288
vt 0.590027 0.073791
vt 0.580294 0.080294
vt 0.573791 0.090027
vt 0.567288 0.099760
vt 0.560785 0.109492
vt 0.554282 0.119225
vt 0.547778 0.128958
vt 0.541275 0.138691
vt 0.534772 0.148423
vt 0.528269 0.158156
vt 0.525985 0.169636
vt 0.523702 0.181117
vt 0.521418 0.192597
vt 0.519134 0.204078
vt 0.516851 0.215558
vt 0.514567 0.227039
vt 0.512284 0.238519
vt 0.510000 0.250000
vt 0.512284 0.261481
vt 0.514567 0.272961
vt 0.516851 0.284442
vt 0.519134 0.295922
vt 0.521418 0.307402
vt 0.523702 0.318883
vt 0.525985 0.330364
vt 0.528269 0.341844
vt 0.534772 0.351577
vt 0.541275 0.361309
vt 0.547778 0.371042
vt 0.554282 0.380775
vt 0.560785 0.390508
vt 0.567288 0.400240
vt 0.573791 0.409973
vt 0.580294 0.419706
vt 0.590027 0.426209
vt 0.599760 0.432712
vt 0.609492 0.439215
vt 0.619225 0.445718
vt 0.628958 0.452222
vt 0.638691 0.458725
vt 0.648423 0.465228
vt 0.658156 0.471731
vt 0.669636 0.474015
vt 0.681117 0.476298
vt 0.692597 0.478582
vt 0.704078 0.480866
vt 0.715558 0.483149
vt 0.727039 0.485433
vt 0.738519 0.487716
vt 0.080294 0.419706
vt 0.101508 0.398492
vt 0.090027 0.426209
vt 0.158156 0.471731
vt 0.169636 0.444015
vt 0.169636 0.474015
vt 0.204078 0.480866
vt 0.215558 0.453149
vt 0.215558 0.483149
vt 0.204078 0.450866
vt 0.204078 0.360866
vt 0.215558 0.333149
vt 0.215558 0.363149
vt 0.119225 0.445718
vt 0.140438 0.424505
vt 0.128958 0.452222
vt 0.130706 0.418002
vt 0.165147 0.334853
vt 0.186360 0.313640
vt 0.174880 0.341356
vt 0.054282 0.380775
vt 0.081998 0.369294
vt 0.060785 0.390508
vt 0.075495 0.359562
vt 0.139134 0.295922
vt 0.166851 0.284442
vt 0.145638 0.305655
vt 0.019134 0.295922
vt 0.049134 0.295922
vt 0.021418 0.307402
vt 0.046851 0.284442
vt 0.130000 0.250000
vt 0.160000 0.250000
vt 0.132284 0.261481
vt 0.019134 0.204078
vt 0.046851 0.215558
vt 0.016851 0.215558
vt 0.049134 0.204078
vt 0.139134 0.204078
vt 0.166851 0.215558
vt 0.136851 0.215558
vt 0.054282 0.119225
vt 0.075495 0.140438
vt 0.047778 0.128958
vt 0.081998 0.130706
vt 0.165147 0.165147
vt 0.186360 0.186360
vt 0.158644 0.174880
vt 0.119225 0.054282
vt 0.130706 0.081998
vt 0.109492 0.060785
vt 0.140438 0.075495
vt 0.204078 0.139134
vt 0.215558 0.166851
vt 0.194345 0.145638
vt 0.204078 0.019134
vt 0.204078 0.049134
vt 0.192597 0.021418
vt 0.215558 0.046851
vt 0.250000 0.130000
vt 0.250000 0.160000
vt 0.238519 0.132284
vt 0.295922 0.019134
vt 0.284442 0.046851
vt 0.284442 0.016851
vt 0.295922 0.049134
vt 0.295922 0.139134
vt 0.284442 0.166851
vt 0.284442 0.136851
vt 0.380775 0.054282
vt 0.359562 0.075495
vt 0.371042 0.047778
vt 0.369294 0.081998
vt 0.334853 0.165147
vt 0.313640 0.186360
vt 0.325120 0.158644
vt 0.445718 0.119225
vt 0.418002 0.130706
vt 0.439215 0.109492
vt 0.424505 0.140438
vt 0.360866 0.204078
vt 0.333149 0.215558
vt 0.354362 0.194345
vt 0.480866 0.204078
vt 0.450866 0.204078
vt 0.478582 0.192597
vt 0.453149 0.215558
vt 0.370000 0.250000
vt 0.340000 0.250000
vt 0.367716 0.238519
vt 0.480866 0.295922
vt 0.453149 0.284442
vt 0.483149 0.284442
vt 0.450866 0.295922
vt 0.360866 0.295922
vt 0.333149 0.284442
vt 0.363149 0.284442
vt 0.445718 0.380775
vt 0.424505 0.359562
vt 0.452222 0.371042
vt 0.418002 0.369294
vt 0.334853 0.334853
vt 0.313640 0.313640
vt 0.341356 0.325120
vt 0.380775 0.445718
vt 0.369294 0.418002
vt 0.390508 0.439215
vt 0.359562 0.424505
vt 0.295922 0.360866
vt 0.284442 0.333149
vt 0.305655 0.354362
vt 0.295922 0.480866
vt 0.295922 0.450866
vt 0.307402 0.478582
vt 0.284442 0.453149
vt 0.250000 0.370000
vt 0.250000 0.340000
vt 0.261481 0.367716
vt 0.272961 0.365433
vt 0.272961 0.335433
vt 0.284442 0.363149
vt 0.261481 0.337716
vt 0.250000 0.310000
vt 0.250000 0.280000
vt 0.261481 0.307716
vt 0.295922 0.420866
vt 0.284442 0.393149
vt 0.295922 0.390866
vt 0.284442 0.423149
vt 0.272961 0.425433
vt 0.261481 0.397716
vt 0.272961 0.395433
vt 0.318883 0.476298
vt 0.318883 0.446298
vt 0.330364 0.474015
vt 0.307402 0.448582
vt 0.307402 0.418582
vt 0.315387 0.347859
vt 0.303907 0.320143
vt 0.325120 0.341356
vt 0.294174 0.326646
vt 0.272961 0.305433
vt 0.261481 0.277716
vt 0.282694 0.298930
vt 0.357814 0.390286
vt 0.336601 0.369072
vt 0.346333 0.362569
vt 0.348081 0.396789
vt 0.338348 0.403292
vt 0.317135 0.382079
vt 0.326868 0.375576
vt 0.400240 0.432712
vt 0.388760 0.404996
vt 0.409973 0.426209
vt 0.379027 0.411499
vt 0.367547 0.383782
vt 0.347859 0.315387
vt 0.326646 0.294174
vt 0.354362 0.305655
vt 0.320143 0.303907
vt 0.292426 0.292426
vt 0.271213 0.271213
vt 0.298930 0.282694
vt 0.403292 0.338348
vt 0.375576 0.326868
vt 0.382079 0.317135
vt 0.396789 0.348081
vt 0.390286 0.357814
vt 0.362569 0.346333
vt 0.369072 0.336601
vt 0.458725 0.361309
vt 0.437512 0.340096
vt 0.465228 0.351577
vt 0.431008 0.349829
vt 0.409795 0.328616
vt 0.365433 0.272961
vt 0.337716 0.261481
vt 0.367716 0.261481
vt 0.335433 0.272961
vt 0.305433 0.272961
vt 0.277716 0.261481
vt 0.307716 0.261481
vt 0.425433 0.272961
vt 0.395433 0.272961
vt 0.397716 0.261481
vt 0.423149 0.284442
vt 0.420866 0.295922
vt 0.390866 0.295922
vt 0.393149 0.284442
vt 0.485433 0.272961
vt 0.457716 0.261481
vt 0.487716 0.261481
vt 0.455433 0.272961
vt 0.427716 0.261481
vt 0.365433 0.227039
vt 0.335433 0.227039
vt 0.363149 0.215558
vt 0.337716 0.238519
vt 0.310000 0.250000
vt 0.280000 0.250000
vt 0.307716 0.238519
vt 0.420866 0.204078
vt 0.393149 0.215558
vt 0.390866 0.204078
vt 0.423149 0.215558
vt 0.425433 0.227039
vt 0.397716 0.238519
vt 0.395433 0.227039
vt 0.476298 0.181117
vt 0.446298 0.181117
vt 0.474015 0.169636
vt 0.448582 0.192597
vt 0.418582 0.192597
vt 0.347859 0.184613
vt 0.320143 0.196093
vt 0.341356 0.174880
vt 0.326646 0.205826
vt 0.305433 0.227039
vt 0.277716 0.238519
vt 0.298930 0.217306
vt 0.390286 0.142186
vt 0.369072 0.163399
vt 0.362569 0.153667
vt 0.396789 0.151919
vt 0.403292 0.161652
vt 0.382079 0.182865
vt 0.375576 0.173132
vt 0.432712 0.099760
vt 0.404996 0.111240
vt 0.426209 0.090027
vt 0.411499 0.120973
vt 0.383782 0.132453
vt 0.315387 0.152141
vt 0.294174 0.173354
vt 0.305655 0.145638
vt 0.303907 0.179857
vt 0.292426 0.207574
vt 0.271213 0.228787
vt 0.282694 0.201070
vt 0.338348 0.096708
vt 0.326868 0.124424
vt 0.317135 0.117921
vt 0.348081 0.103211
vt 0.357814 0.109714
vt 0.346333 0.137431
vt 0.336601 0.130928
vt 0.361309 0.041275
vt 0.340096 0.062488
vt 0.351577 0.034772
vt 0.349829 0.068992
vt 0.328616 0.090205
vt 0.272961 0.134567
vt 0.261481 0.162284
vt 0.261481 0.132284
vt 0.272961 0.164567
vt 0.272961 0.194567
vt 0.261481 0.222284
vt 0.261481 0.192284
vt 0.272961 0.074567
vt 0.272961 0.104567
vt 0.261481 0.102284
vt 0.284442 0.076851
vt 0.295922 0.079134
vt 0.295922 0.109134
vt 0.284442 0.106851
vt 0.272961 0.014567
vt 0.261481 0.042284
vt 0.261481 0.012284
vt 0.272961 0.044567
vt 0.261481 0.072284
vt 0.227039 0.134567
vt 0.227039 0.164567
vt 0.215558 0.136851
vt 0.238519 0.162284
vt 0.250000 0.190000
vt 0.250000 0.220000
vt 0.238519 0.192284
vt 0.204078 0.079134
vt 0.215558 0.106851
vt 0.204078 0.109134
vt 0.215558 0.076851
vt 0.227039 0.074567
vt 0.238519 0.102284
vt 0.227039 0.104567
vt 0.181117 0.023702
vt 0.181117 0.053702
vt 0.169636 0.025985
vt 0.192597 0.051418
vt 0.192597 0.081418
vt 0.184613 0.152141
vt 0.196093 0.179857
vt 0.174880 0.158644
vt 0.205826 0.173354
vt 0.227039 0.194567
vt 0.238519 0.222284
vt 0.217306 0.201070
vt 0.142186 0.109714
vt 0.163399 0.130928
vt 0.153667 0.137431
vt 0.151919 0.103211
vt 0.161652 0.096708
vt 0.182865 0.117921
vt 0.173132 0.124424
vt 0.099760 0.067288
vt 0.111240 0.095004
vt 0.090027 0.073791
vt 0.120973 0.088501
vt 0.132453 0.116218
vt 0.152141 0.184613
vt 0.173354 0.205826
vt 0.145638 0.194345
vt 0.179857 0.196093
vt 0.207574 0.207574
vt 0.228787 0.228787
vt 0.201070 0.217306
vt 0.096708 0.161652
vt 0.124424 0.173132
vt 0.117921 0.182865
vt 0.103211 0.151919
vt 0.109714 0.142186
vt 0.137431 0.153667
vt 0.130928 0.163399
vt 0.041275 0.138691
vt 0.062488 0.159904
vt 0.034772 0.148423
vt 0.068992 0.150171
vt 0.090205 0.171384
vt 0.134567 0.227039
vt 0.162284 0.238519
vt 0.132284 0.238519
vt 0.164567 0.227039
vt 0.194567 0.227039
vt 0.222284 0.238519
vt 0.192284 0.238519
vt 0.074567 0.227039
vt 0.104567 0.227039
vt 0.102284 0.238519
vt 0.076851 0.215558
vt 0.079134 0.204078
vt 0.109134 0.204078
vt 0.106851 0.215558
vt 0.014567 0.227039
vt 0.042284 0.238519
vt 0.012284 0.238519
vt 0.044567 0.227039
vt 0.072284 0.238519
vt 0.134567 0.272961
vt 0.164567 0.272961
vt 0.136851 0.284442
vt 0.162284 0.261481
vt 0.190000 0.250000
vt 0.220000 0.250000
vt 0.192284 0.261481
vt 0.079134 0.295922
vt 0.106851 0.284442
vt 0.109134 0.295922
vt 0.076851 0.284442
vt 0.074567 0.272961
vt 0.102284 0.261481
vt 0.104567 0.272961
vt 0.023702 0.318883
vt 0.053702 0.318883
vt 0.025985 0.330364
vt 0.051418 0.307402
vt 0.081418 0.307402
vt 0.152141 0.315387
vt 0.179857 0.303907
vt 0.158644 0.325120
vt 0.173354 0.294174
vt 0.194567 0.272961
vt 0.222284 0.261481
vt 0.201070 0.282694
vt 0.109714 0.357814
vt 0.130928 0.336601
vt 0.137431 0.346333
vt 0.103211 0.348081
vt 0.096708 0.338348
vt 0.117921 0.317135
vt 0.124424 0.326868
vt 0.067288 0.400240
vt 0.095004 0.388760
vt 0.073791 0.409973
vt 0.088501 0.379027
vt 0.116218 0.367547
vt 0.184613 0.347859
vt 0.205826 0.326646
vt 0.194345 0.354362
vt 0.196093 0.320143
vt 0.207574 0.292426
vt 0.228787 0.271213
vt 0.217306 0.298930
vt 0.161652 0.403292
vt 0.173132 0.375576
vt 0.182865 0.382079
vt 0.151919 0.396789
vt 0.142186 0.390286
vt 0.153667 0.362569
vt 0.163399 0.369072
vt 0.138691 0.458725
vt 0.159904 0.437512
vt 0.148423 0.465228
vt 0.150171 0.431008
vt 0.171384 0.409795
vt 0.227039 0.365433
vt 0.238519 0.337716
vt 0.238519 0.367716
vt 0.227039 0.335433
vt 0.227039 0.305433
vt 0.238519 0.277716
vt 0.238519 0.307716
vt 0.227039 0.425433
vt 0.227039 0.395433
vt 0.238519 0.397716
vt 0.215558 0.423149
vt 0.204078 0.420866
vt 0.204078 0.390866
vt 0.215558 0.393149
vt 0.227039 0.485433
vt 0.238519 0.457716
vt 0.238519 0.487716
vt 0.227039 0.455433
vt 0.238519 0.427716
vt 0.181117 0.476298
vt 0.192597 0.448582
vt 0.192597 0.478582
vt 0.181117 0.446298
vt 0.181117 0.416298
vt 0.192597 0.388582
vt 0.192597 0.418582
vt 0.099760 0.432712
vt 0.120973 0.411499
vt 0.109492 0.439215
vt 0.111240 0.404996
vt 0.122721 0.377279
vt 0.143934 0.356066
vt 0.132453 0.383782
vt 0.041275 0.361309
vt 0.068992 0.349829
vt 0.047778 0.371042
vt 0.062488 0.340096
vt 0.083702 0.318883
vt 0.111418 0.307402
vt 0.090205 0.328616
vt 0.014567 0.272961
vt 0.044567 0.272961
vt 0.016851 0.284442
vt 0.042284 0.261481
vt 0.070000 0.250000
vt 0.100000 0.250000
vt 0.072284 0.261481
vt 0.023702 0.181117
vt 0.051418 0.192597
vt 0.021418 0.192597
vt 0.053702 0.181117
vt 0.083702 0.181117
vt 0.111418 0.192597
vt 0.081418 0.192597
vt 0.067288 0.099760
vt 0.088501 0.120973
vt 0.060785 0.109492
vt 0.095004 0.111240
vt 0.122721 0.122721
vt 0.143934 0.143934
vt 0.116218 0.132453
vt 0.138691 0.041275
vt 0.150171 0.068992
vt 0.128958 0.047778
vt 0.159904 0.062488
vt 0.181117 0.083702
vt 0.192597 0.111418
vt 0.171384 0.090205
vt 0.227039 0.014567
vt 0.227039 0.044567
vt 0.215558 0.016851
vt 0.238519 0.042284
vt 0.250000 0.070000
vt 0.250000 0.100000
vt 0.238519 0.072284
vt 0.318883 0.023702
vt 0.307402 0.051418
vt 0.307402 0.021418
vt 0.318883 0.053702
vt 0.318883 0.083702
vt 0.307402 0.111418
vt 0.307402 0.081418
vt 0.400240 0.067288
vt 0.379027 0.088501
vt 0.390508 0.060785
vt 0.388760 0.095004
vt 0.377279 0.122721
vt 0.356066 0.143934
vt 0.367547 0.116218
vt 0.458725 0.138691
vt 0.431008 0.150171
vt 0.452222 0.128958
vt 0.437512 0.159904
vt 0.416298 0.181117
vt 0.388582 0.192597
vt 0.409795 0.171384
vt 0.485433 0.227039
vt 0.455433 0.227039
vt 0.483149 0.215558
vt 0.457716 0.238519
vt 0.430000 0.250000
vt 0.400000 0.250000
vt 0.427716 0.238519
vt 0.476298 0.318883
vt 0.448582 0.307402
vt 0.478582 0.307402
vt 0.446298 0.318883
vt 0.416298 0.318883
vt 0.388582 0.307402
vt 0.418582 0.307402
vt 0.432712 0.400240
vt 0.411499 0.379027
vt 0.439215 0.390508
vt 0.404996 0.388760
vt 0.377279 0.377279
vt 0.356066 0.356066
vt 0.383782 0.367547
vt 0.361309 0.458725
vt 0.349829 0.431008
vt 0.371042 0.452222
vt 0.340096 0.437512
vt 0.318883 0.416298
vt 0.307402 0.388582
vt 0.328616 0.409795
vt 0.272961 0.485433
vt 0.272961 0.455433
vt 0.284442 0.483149
vt 0.261481 0.457716
vt 0.250000 0.430000
vt 0.250000 0.400000
vt 0.261481 0.427716
vt 0.250000 0.250000
s 0
usemtl 材质.005
f 879/1188/810 1185/1189/810 1184/1190/810
f 880/1191/811 1042/1192/811 1187/1193/811
f 881/1194/812 1044/1195/812 1189/1196/812
f 882/1197/813 1046/1198/813 1191/1199/813
f 883/1200/814 1048/1201/814 1193/1202/814
f 884/1203/815 1050/1204/815 1195/1205/815
f 885/1206/816 1052/1207/816 1197/1208/816
f 886/1209/817 1054/1210/817 1199/1211/817
f 887/1212/818 1056/1213/818 1201/1214/818
f 888/1215/819 1058/1216/819 1203/1217/819
f 889/1218/820 1060/1219/820 1205/1220/820
f 890/1221/821 1062/1222/821 1207/1223/821
f 891/1224/822 1064/1225/822 1209/1226/822
f 892/1227/823 1066/1228/823 1211/1229/823
f 879/1230/824 1184/1231/824 960/1232/824 1072/1233/824 896/1234/824 1152/1235/824 928/1236/824 1040/1237/824 880/1238/824 1187/1239/824 963/1240/824 1075/1241/824 899/1242/824 1155/1243/824 931/1244/824 1043/1245/824 881/1246/824 1189/1247/824 965/1248/824 1077/1249/824 901/1250/824 1157/1251/824 933/1252/824 1045/1253/824 882/1254/824 1191/1255/824 967/1256/824 1079/1257/824 903/1258/824 1159/1259/824 935/1260/824 1047/1261/824 883/1262/824 1193/1263/824 969/1264/824 1081/1265/824 905/1266/824 1161/1267/824 937/1268/824 1049/1269/824 884/1270/824 1195/1271/824 971/1272/824 1083/1273/824 907/1274/824 1163/1275/824 939/1276/824 1051/1277/824 885/1278/824 1197/1279/824 973/1280/824 1085/1281/824 909/1282/824 1165/1283/824 941/1284/824 1053/1285/824 886/1286/824 1199/1287/824 975/1288/824 1087/1289/824 911/1290/824 1167/1291/824 943/1292/824 1055/1293/824 887/1294/824 1201/1295/824 977/1296/824 1089/1297/824 913/1298/824 1169/1299/824 945/1300/824 1057/1301/824 888/1302/824 1203/1303/824 979/1304/824 1091/1305/824 915/1306/824 1171/1307/824 947/1308/824 1059/1309/824 889/1310/824 1205/1311/824 981/1312/824 1093/1313/824 917/1314/824 1173/1315/824 949/1316/824 1061/1317/824 890/1318/824 1207/1319/824 983/1320/824 1095/1321/824 919/1322/824 1175/1323/824 951/1324/824 1063/1325/824 891/1326/824 1209/1327/824 985/1328/824 1097/1329/824 921/1330/824 1177/1331/824 953/1332/824 1065/1333/824 892/1334/824 1211/1335/824 987/1336/824 1099/1337/824 923/1338/824 1179/1339/824 955/1340/824 1067/1341/824 893/1342/824 1213/1343/824 989/1344/824 1101/1345/824 925/1346/824 1181/1347/824 957/1348/824 1069/1349/824 894/1350/824 1215/1351/824 991/1352/824 1103/1353/824 927/1354/824 1183/1355/824 959/1356/824 1071/1357/824
f 893/1358/825 1068/1359/825 1213/1360/825
f 894/1361/826 1070/1362/826 1215/1363/826
f 927/1364/827 1216/1365/827 1183/1366/827
f 927/1364/828 1217/1367/828 1216/1365/828
f 926/1368/829 1102/1369/829 1106/1370/829
f 925/1371/830 1219/1372/830 1181/1373/830
f 925/1371/831 1220/1374/831 1219/1372/831
f 924/1375/832 1100/1376/832 1109/1377/832
f 923/1378/833 1222/1379/833 1179/1380/833
f 923/1378/834 1223/1381/834 1222/1379/834
f 922/1382/835 1098/1383/835 1112/1384/835
f 921/1385/836 1225/1386/836 1177/1387/836
f 921/1385/837 1226/1388/837 1225/1386/837
f 920/1389/838 1096/1390/838 1115/1391/838
f 919/1392/839 1228/1393/839 1175/1394/839
f 919/1392/840 1229/1395/840 1228/1393/840
f 918/1396/841 1094/1397/841 1118/1398/841
f 917/1399/842 1231/1400/842 1173/1401/842
f 917/1399/843 1232/1402/843 1231/1400/843
f 916/1403/844 1092/1404/844 1121/1405/844
f 915/1406/845 1234/1407/845 1171/1408/845
f 915/1406/846 1235/1409/846 1234/1407/846
f 914/1410/847 1090/1411/847 1124/1412/847
f 913/1413/848 1237/1414/848 1169/1415/848
f 913/1413/849 1238/1416/849 1237/1414/849
f 912/1417/850 1088/1418/850 1127/1419/850
f 911/1420/851 1240/1421/851 1167/1422/851
f 911/1420/852 1241/1423/852 1240/1421/852
f 910/1424/853 1086/1425/853 1130/1426/853
f 909/1427/854 1243/1428/854 1165/1429/854
f 909/1427/855 1244/1430/855 1243/1428/855
f 908/1431/856 1084/1432/856 1133/1433/856
f 907/1434/857 1246/1435/857 1163/1436/857
f 907/1434/858 1247/1437/858 1246/1435/858
f 906/1438/859 1082/1439/859 1136/1440/859
f 905/1441/860 1249/1442/860 1161/1443/860
f 905/1441/861 1250/1444/861 1249/1442/861
f 904/1445/862 1080/1446/862 1139/1447/862
f 903/1448/863 1252/1449/863 1159/1450/863
f 903/1448/864 1253/1451/864 1252/1449/864
f 902/1452/865 1078/1453/865 1142/1454/865
f 901/1455/866 1255/1456/866 1157/1457/866
f 901/1455/867 1256/1458/867 1255/1456/867
f 900/1459/868 1076/1460/868 1145/1461/868
f 899/1462/869 1258/1463/869 1155/1464/869
f 899/1462/870 1259/1465/870 1258/1463/870
f 898/1466/871 1074/1467/871 1148/1468/871
f 896/1469/872 1261/1470/872 1152/1471/872
f 896/1469/873 1262/1472/873 1261/1470/873
f 897/1473/874 1153/1474/874 1151/1475/874
f 1039/1476/874 1264/1477/874 1263/1478/874
f 1039/1476/874 1265/1479/874 1264/1477/874
f 929/1480/875 1041/1481/875 1266/1482/875
f 1037/1483/873 1267/1484/873 1149/1485/873
f 1037/1483/873 1268/1486/873 1267/1484/873
f 1038/1487/873 1150/1488/873 1269/1489/873
f 928/1490/872 1270/1491/872 1040/1492/872
f 928/1490/872 1271/1493/872 1270/1491/872
f 1037/1483/872 1149/1485/872 1272/1494/872
f 1036/1495/876 1273/1496/876 1260/1497/876
f 1036/1495/877 1274/1498/877 1273/1496/877
f 962/1499/878 1186/1500/878 1275/1501/878
f 1034/1502/870 1276/1503/870 1146/1504/870
f 1034/1502/870 1277/1505/870 1276/1503/870
f 1035/1506/870 1147/1507/870 1278/1508/870
f 931/1509/869 1279/1510/869 1043/1511/869
f 931/1509/869 1280/1512/869 1279/1510/869
f 1034/1502/869 1146/1504/869 1281/1513/869
f 1033/1514/868 1282/1515/868 1257/1516/868
f 1033/1514/868 1283/1517/868 1282/1515/868
f 964/1518/879 1188/1519/879 1284/1520/879
f 1031/1521/867 1285/1522/867 1143/1523/867
f 1031/1521/867 1286/1524/867 1285/1522/867
f 1032/1525/867 1144/1526/867 1287/1527/867
f 933/1528/866 1288/1529/866 1045/1530/866
f 933/1528/866 1289/1531/866 1288/1529/866
f 1031/1521/866 1143/1523/866 1290/1532/866
f 1030/1533/880 1291/1534/880 1254/1535/880
f 1030/1533/881 1292/1536/881 1291/1534/881
f 966/1537/882 1190/1538/882 1293/1539/882
f 1028/1540/864 1294/1541/864 1140/1542/864
f 1028/1540/864 1295/1543/864 1294/1541/864
f 1029/1544/864 1141/1545/864 1296/1546/864
f 935/1547/863 1297/1548/863 1047/1549/863
f 935/1547/863 1298/1550/863 1297/1548/863
f 1028/1540/863 1140/1542/863 1299/1551/863
f 1027/1552/883 1300/1553/883 1251/1554/883
f 1027/1552/884 1301/1555/884 1300/1553/884
f 968/1556/885 1192/1557/885 1302/1558/885
f 1025/1559/861 1303/1560/861 1137/1561/861
f 1025/1559/886 1304/1562/886 1303/1560/886
f 1026/1563/861 1138/1564/861 1305/1565/861
f 937/1566/860 1306/1567/860 1049/1568/860
f 937/1566/860 1307/1569/860 1306/1567/860
f 1025/1559/860 1137/1561/860 1308/1570/860
f 1024/1571/887 1309/1572/887 1248/1573/887
f 1024/1571/888 1310/1574/888 1309/1572/888
f 970/1575/889 1194/1576/889 1311/1577/889
f 1022/1578/858 1312/1579/858 1134/1580/858
f 1022/1578/858 1313/1581/858 1312/1579/858
f 1023/1582/858 1135/1583/858 1314/1584/858
f 939/1585/857 1315/1586/857 1051/1587/857
f 939/1585/857 1316/1588/857 1315/1586/857
f 1022/1578/857 1134/1580/857 1317/1589/857
f 1021/1590/890 1318/1591/890 1245/1592/890
f 1021/1590/891 1319/1593/891 1318/1591/891
f 972/1594/892 1196/1595/892 1320/1596/892
f 1019/1597/855 1321/1598/855 1131/1599/855
f 1019/1597/855 1322/1600/855 1321/1598/855
f 1020/1601/855 1132/1602/855 1323/1603/855
f 941/1604/854 1324/1605/854 1053/1606/854
f 941/1604/854 1325/1607/854 1324/1605/854
f 1019/1597/854 1131/1599/854 1326/1608/854
f 1018/1609/853 1327/1610/853 1242/1611/853
f 1018/1609/853 1328/1612/853 1327/1610/853
f 974/1613/893 1198/1614/893 1329/1615/893
f 1016/1616/894 1330/1617/894 1128/1618/894
f 1016/1616/895 1331/1619/895 1330/1617/895
f 1017/1620/896 1129/1621/896 1332/1622/896
f 943/1623/897 1333/1624/897 1055/1625/897
f 943/1623/898 1334/1626/898 1333/1624/898
f 1016/1616/899 1128/1618/899 1335/1627/899
f 1015/1628/900 1336/1629/900 1239/1630/900
f 1015/1628/901 1337/1631/901 1336/1629/901
f 976/1632/902 1200/1633/902 1338/1634/902
f 1013/1635/849 1339/1636/849 1125/1637/849
f 1013/1635/849 1340/1638/849 1339/1636/849
f 1014/1639/849 1126/1640/849 1341/1641/849
f 945/1642/848 1342/1643/848 1057/1644/848
f 945/1642/848 1343/1645/848 1342/1643/848
f 1013/1635/848 1125/1637/848 1344/1646/848
f 1012/1647/903 1345/1648/903 1236/1649/903
f 1012/1647/904 1346/1650/904 1345/1648/904
f 978/1651/905 1202/1652/905 1347/1653/905
f 1010/1654/846 1348/1655/846 1122/1656/846
f 1010/1654/846 1349/1657/846 1348/1655/846
f 1011/1658/846 1123/1659/846 1350/1660/846
f 947/1661/845 1351/1662/845 1059/1663/845
f 947/1661/845 1352/1664/845 1351/1662/845
f 1010/1654/845 1122/1656/845 1353/1665/845
f 1009/1666/844 1354/1667/844 1233/1668/844
f 1009/1666/844 1355/1669/844 1354/1667/844
f 980/1670/906 1204/1671/906 1356/1672/906
f 1007/1673/843 1357/1674/843 1119/1675/843
f 1007/1673/843 1358/1676/843 1357/1674/843
f 1008/1677/843 1120/1678/843 1359/1679/843
f 949/1680/842 1360/1681/842 1061/1682/842
f 949/1680/842 1361/1683/842 1360/1681/842
f 1007/1673/842 1119/1675/842 1362/1684/842
f 1006/1685/841 1363/1686/841 1230/1687/841
f 1006/1685/841 1364/1688/841 1363/1686/841
f 982/1689/907 1206/1690/907 1365/1691/907
f 1004/1692/840 1366/1693/840 1116/1694/840
f 1004/1692/840 1367/1695/840 1366/1693/840
f 1005/1696/840 1117/1697/840 1368/1698/840
f 951/1699/839 1369/1700/839 1063/1701/839
f 951/1699/839 1370/1702/839 1369/1700/839
f 1004/1692/839 1116/1694/839 1371/1703/839
f 1003/1704/838 1372/1705/838 1227/1706/838
f 1003/1704/838 1373/1707/838 1372/1705/838
f 984/1708/908 1208/1709/908 1374/1710/908
f 1001/1711/837 1375/1712/837 1113/1713/837
f 1001/1711/837 1376/1714/837 1375/1712/837
f 1002/1715/837 1114/1716/837 1377/1717/837
f 953/1718/836 1378/1719/836 1065/1720/836
f 953/1718/836 1379/1721/836 1378/1719/836
f 1001/1711/836 1113/1713/836 1380/1722/836
f 1000/1723/835 1381/1724/835 1224/1725/835
f 1000/1723/835 1382/1726/835 1381/1724/835
f 986/1727/909 1210/1728/909 1383/1729/909
f 998/1730/834 1384/1731/834 1110/1732/834
f 998/1730/834 1385/1733/834 1384/1731/834
f 999/1734/834 1111/1735/834 1386/1736/834
f 955/1737/833 1387/1738/833 1067/1739/833
f 955/1737/833 1388/1740/833 1387/1738/833
f 998/1730/833 1110/1732/833 1389/1741/833
f 997/1742/832 1390/1743/832 1221/1744/832
f 997/1742/832 1391/1745/832 1390/1743/832
f 988/1746/910 1212/1747/910 1392/1748/910
f 995/1749/831 1393/1750/831 1107/1751/831
f 995/1749/831 1394/1752/831 1393/1750/831
f 996/1753/831 1108/1754/831 1395/1755/831
f 957/1756/830 1396/1757/830 1069/1758/830
f 957/1756/830 1397/1759/830 1396/1757/830
f 995/1749/830 1107/1751/830 1398/1760/830
f 994/1761/911 1399/1762/911 1218/1763/911
f 994/1761/912 1400/1764/912 1399/1762/912
f 990/1765/913 1214/1766/913 1401/1767/913
f 992/1768/828 1402/1769/828 1104/1770/828
f 992/1768/828 1403/1771/828 1402/1769/828
f 993/1772/828 1105/1773/828 1404/1774/828
f 959/1775/827 1405/1776/827 1071/1777/827
f 959/1775/827 1406/1778/827 1405/1776/827
f 992/1768/827 1104/1770/827 1407/1779/827
f 991/1780/826 1408/1781/826 1103/1782/826
f 991/1780/826 1409/1783/826 1408/1781/826
f 958/1784/826 1182/1785/826 1410/1786/826
f 989/1787/825 1411/1788/825 1101/1789/825
f 989/1787/825 1412/1790/825 1411/1788/825
f 956/1791/825 1180/1792/825 1413/1793/825
f 987/1794/823 1414/1795/823 1099/1796/823
f 987/1794/823 1415/1797/823 1414/1795/823
f 954/1798/823 1178/1799/823 1416/1800/823
f 985/1801/822 1417/1802/822 1097/1803/822
f 985/1801/822 1418/1804/822 1417/1802/822
f 952/1805/822 1176/1806/822 1419/1807/822
f 983/1808/821 1420/1809/821 1095/1810/821
f 983/1808/821 1421/1811/821 1420/1809/821
f 950/1812/821 1174/1813/821 1422/1814/821
f 981/1815/820 1423/1816/820 1093/1817/820
f 981/1815/820 1424/1818/820 1423/1816/820
f 948/1819/820 1172/1820/820 1425/1821/820
f 979/1822/914 1426/1823/914 1091/1824/914
f 979/1822/819 1427/1825/819 1426/1823/819
f 946/1826/819 1170/1827/819 1428/1828/819
f 977/1829/915 1429/1830/915 1089/1831/915
f 977/1829/915 1430/1832/915 1429/1830/915
f 944/1833/915 1168/1834/915 1431/1835/915
f 975/1836/817 1432/1837/817 1087/1838/817
f 975/1836/817 1433/1839/817 1432/1837/817
f 942/1840/817 1166/1841/817 1434/1842/817
f 973/1843/916 1435/1844/916 1085/1845/916
f 973/1843/916 1436/1846/916 1435/1844/916
f 940/1847/916 1164/1848/916 1437/1849/916
f 971/1850/815 1438/1851/815 1083/1852/815
f 971/1850/815 1439/1853/815 1438/1851/815
f 938/1854/815 1162/1855/815 1440/1856/815
f 969/1857/814 1441/1858/814 1081/1859/814
f 969/1857/814 1442/1860/814 1441/1858/814
f 936/1861/814 1160/1862/814 1443/1863/814
f 967/1864/813 1444/1865/813 1079/1866/813
f 967/1864/813 1445/1867/813 1444/1865/813
f 934/1868/813 1158/1869/813 1446/1870/813
f 965/1871/812 1447/1872/812 1077/1873/812
f 965/1871/812 1448/1874/812 1447/1872/812
f 932/1875/812 1156/1876/812 1449/1877/812
f 963/1878/811 1450/1879/811 1075/1880/811
f 963/1878/811 1451/1881/811 1450/1879/811
f 930/1882/811 1154/1883/811 1452/1884/811
f 960/1885/810 1453/1886/810 1072/1887/810
f 960/1885/810 1454/1888/810 1453/1886/810
f 961/1889/810 1073/1890/810 1455/1891/810
f 1455/1891/810 1150/1488/810 1038/1487/810
f 1455/1891/810 1073/1890/810 1150/1488/810
f 1073/1890/810 897/1473/810 1150/1488/810
f 1453/1886/810 1455/1891/810 1038/1487/810
f 1453/1886/810 1454/1888/810 1455/1891/810
f 1454/1888/810 961/1889/810 1455/1891/810
f 1072/1887/810 1262/1472/810 896/1469/810
f 1072/1887/810 1453/1886/810 1262/1472/810
f 1453/1886/810 1038/1487/810 1262/1472/810
f 1452/1884/811 1147/1507/811 1035/1506/811
f 1452/1884/811 1154/1883/811 1147/1507/811
f 1154/1883/811 898/1466/811 1147/1507/811
f 1450/1879/811 1452/1884/811 1035/1506/811
f 1450/1879/811 1451/1881/811 1452/1884/811
f 1451/1881/811 930/1882/811 1452/1884/811
f 1075/1880/811 1259/1465/811 899/1462/811
f 1075/1880/811 1450/1879/811 1259/1465/811
f 1450/1879/811 1035/1506/811 1259/1465/811
f 1449/1877/812 1144/1526/812 1032/1525/812
f 1449/1877/812 1156/1876/812 1144/1526/812
f 1156/1876/812 900/1459/812 1144/1526/812
f 1447/1872/812 1449/1877/812 1032/1525/812
f 1447/1872/812 1448/1874/812 1449/1877/812
f 1448/1874/812 932/1875/812 1449/1877/812
f 1077/1873/812 1256/1458/812 901/1455/812
f 1077/1873/812 1447/1872/812 1256/1458/812
f 1447/1872/812 1032/1525/812 1256/1458/812
f 1446/1870/813 1141/1545/813 1029/1544/813
f 1446/1870/813 1158/1869/813 1141/1545/813
f 1158/1869/813 902/1452/813 1141/1545/813
f 1444/1865/813 1446/1870/813 1029/1544/813
f 1444/1865/813 1445/1867/813 1446/1870/813
f 1445/1867/813 934/1868/813 1446/1870/813
f 1079/1866/813 1253/1451/813 903/1448/813
f 1079/1866/813 1444/1865/813 1253/1451/813
f 1444/1865/813 1029/1544/813 1253/1451/813
f 1443/1863/814 1138/1564/814 1026/1563/814
f 1443/1863/814 1160/1862/814 1138/1564/814
f 1160/1862/814 904/1445/814 1138/1564/814
f 1441/1858/814 1443/1863/814 1026/1563/814
f 1441/1858/814 1442/1860/814 1443/1863/814
f 1442/1860/814 936/1861/814 1443/1863/814
f 1081/1859/814 1250/1444/814 905/1441/814
f 1081/1859/814 1441/1858/814 1250/1444/814
f 1441/1858/814 1026/1563/814 1250/1444/814
f 1440/1856/815 1135/1583/815 1023/1582/815
f 1440/1856/815 1162/1855/815 1135/1583/815
f 1162/1855/815 906/1438/815 1135/1583/815
f 1438/1851/815 1440/1856/815 1023/1582/815
f 1438/1851/815 1439/1853/815 1440/1856/815
f 1439/1853/815 938/1854/815 1440/1856/815
f 1083/1852/815 1247/1437/815 907/1434/815
f 1083/1852/815 1438/1851/815 1247/1437/815
f 1438/1851/815 1023/1582/815 1247/1437/815
f 1437/1849/916 1132/1602/916 1020/1601/916
f 1437/1849/916 1164/1848/916 1132/1602/916
f 1164/1848/916 908/1431/916 1132/1602/916
f 1435/1844/916 1437/1849/916 1020/1601/916
f 1435/1844/816 1436/1846/816 1437/1849/816
f 1436/1846/916 940/1847/916 1437/1849/916
f 1085/1845/916 1244/1430/916 909/1427/916
f 1085/1845/916 1435/1844/916 1244/1430/916
f 1435/1844/916 1020/1601/916 1244/1430/916
f 1434/1842/817 1129/1621/817 1017/1620/817
f 1434/1842/817 1166/1841/817 1129/1621/817
f 1166/1841/817 910/1424/817 1129/1621/817
f 1432/1837/817 1434/1842/817 1017/1620/817
f 1432/1837/817 1433/1839/817 1434/1842/817
f 1433/1839/817 942/1840/817 1434/1842/817
f 1087/1838/817 1241/1423/817 911/1420/817
f 1087/1838/817 1432/1837/817 1241/1423/817
f 1432/1837/817 1017/1620/817 1241/1423/817
f 1431/1835/915 1126/1640/915 1014/1639/915
f 1431/1835/915 1168/1834/915 1126/1640/915
f 1168/1834/915 912/1417/915 1126/1640/915
f 1429/1830/915 1431/1835/915 1014/1639/915
f 1429/1830/915 1430/1832/915 1431/1835/915
f 1430/1832/915 944/1833/915 1431/1835/915
f 1089/1831/915 1238/1416/915 913/1413/915
f 1089/1831/915 1429/1830/915 1238/1416/915
f 1429/1830/915 1014/1639/915 1238/1416/915
f 1428/1828/819 1123/1659/819 1011/1658/819
f 1428/1828/819 1170/1827/819 1123/1659/819
f 1170/1827/914 914/1410/914 1123/1659/914
f 1426/1823/819 1428/1828/819 1011/1658/819
f 1426/1823/819 1427/1825/819 1428/1828/819
f 1427/1825/819 946/1826/819 1428/1828/819
f 1091/1824/819 1235/1409/819 915/1406/819
f 1091/1824/819 1426/1823/819 1235/1409/819
f 1426/1823/914 1011/1658/914 1235/1409/914
f 1425/1821/820 1120/1678/820 1008/1677/820
f 1425/1821/820 1172/1820/820 1120/1678/820
f 1172/1820/820 916/1403/820 1120/1678/820
f 1423/1816/820 1425/1821/820 1008/1677/820
f 1423/1816/820 1424/1818/820 1425/1821/820
f 1424/1818/820 948/1819/820 1425/1821/820
f 1093/1817/820 1232/1402/820 917/1399/820
f 1093/1817/820 1423/1816/820 1232/1402/820
f 1423/1816/820 1008/1677/820 1232/1402/820
f 1422/1814/821 1117/1697/821 1005/1696/821
f 1422/1814/821 1174/1813/821 1117/1697/821
f 1174/1813/821 918/1396/821 1117/1697/821
f 1420/1809/821 1422/1814/821 1005/1696/821
f 1420/1809/821 1421/1811/821 1422/1814/821
f 1421/1811/821 950/1812/821 1422/1814/821
f 1095/1810/821 1229/1395/821 919/1392/821
f 1095/1810/821 1420/1809/821 1229/1395/821
f 1420/1809/821 1005/1696/821 1229/1395/821
f 1419/1807/822 1114/1716/822 1002/1715/822
f 1419/1807/822 1176/1806/822 1114/1716/822
f 1176/1806/822 920/1389/822 1114/1716/822
f 1417/1802/822 1419/1807/822 1002/1715/822
f 1417/1802/822 1418/1804/822 1419/1807/822
f 1418/1804/822 952/1805/822 1419/1807/822
f 1097/1803/822 1226/1388/822 921/1385/822
f 1097/1803/822 1417/1802/822 1226/1388/822
f 1417/1802/822 1002/1715/822 1226/1388/822
f 1416/1800/823 1111/1735/823 999/1734/823
f 1416/1800/823 1178/1799/823 1111/1735/823
f 1178/1799/823 922/1382/823 1111/1735/823
f 1414/1795/823 1416/1800/823 999/1734/823
f 1414/1795/823 1415/1797/823 1416/1800/823
f 1415/1797/823 954/1798/823 1416/1800/823
f 1099/1796/823 1223/1381/823 923/1378/823
f 1099/1796/823 1414/1795/823 1223/1381/823
f 1414/1795/823 999/1734/823 1223/1381/823
f 1413/1793/825 1108/1754/825 996/1753/825
f 1413/1793/825 1180/1792/825 1108/1754/825
f 1180/1792/825 924/1375/825 1108/1754/825
f 1411/1788/825 1413/1793/825 996/1753/825
f 1411/1788/825 1412/1790/825 1413/1793/825
f 1412/1790/825 956/1791/825 1413/1793/825
f 1101/1789/825 1220/1374/825 925/1371/825
f 1101/1789/825 1411/1788/825 1220/1374/825
f 1411/1788/825 996/1753/825 1220/1374/825
f 1410/1786/826 1105/1773/826 993/1772/826
f 1410/1786/826 1182/1785/826 1105/1773/826
f 1182/1785/826 926/1368/826 1105/1773/826
f 1408/1781/826 1410/1786/826 993/1772/826
f 1408/1781/826 1409/1783/826 1410/1786/826
f 1409/1783/826 958/1784/826 1410/1786/826
f 1103/1782/826 1217/1367/826 927/1364/826
f 1103/1782/826 1408/1781/826 1217/1367/826
f 1408/1781/826 993/1772/826 1217/1367/826
f 1407/1779/827 1073/1890/827 961/1889/827
f 1407/1779/827 1104/1770/827 1073/1890/827
f 1104/1770/827 897/1473/827 1073/1890/827
f 1405/1776/827 1407/1779/827 961/1889/827
f 1405/1776/827 1406/1778/827 1407/1779/827
f 1406/1778/827 992/1768/827 1407/1779/827
f 1071/1777/827 1185/1189/827 879/1188/827
f 1071/1777/827 1405/1776/827 1185/1189/827
f 1405/1776/827 961/1889/827 1185/1189/827
f 1404/1774/828 1106/1370/828 994/1761/828
f 1404/1774/828 1105/1773/828 1106/1370/828
f 1105/1773/828 926/1368/828 1106/1370/828
f 1402/1769/828 1404/1774/828 994/1761/828
f 1402/1769/828 1403/1771/828 1404/1774/828
f 1403/1771/828 993/1772/828 1404/1774/828
f 1104/1770/828 1218/1763/828 897/1473/828
f 1104/1770/828 1402/1769/828 1218/1763/828
f 1402/1769/828 994/1761/828 1218/1763/828
f 1401/1767/913 1041/1481/913 929/1480/913
f 1401/1767/913 1214/1766/913 1041/1481/913
f 1214/1766/917 895/1892/917 1041/1481/917
f 1399/1762/912 1401/1767/912 929/1480/912
f 1399/1762/912 1400/1764/912 1401/1767/912
f 1400/1764/912 990/1765/912 1401/1767/912
f 1218/1763/911 1153/1474/911 897/1473/911
f 1218/1763/911 1399/1762/911 1153/1474/911
f 1399/1762/911 929/1480/911 1153/1474/911
f 1398/1760/830 1182/1785/830 958/1784/830
f 1398/1760/830 1107/1751/830 1182/1785/830
f 1107/1751/830 926/1368/830 1182/1785/830
f 1396/1757/830 1398/1760/830 958/1784/830
f 1396/1757/830 1397/1759/830 1398/1760/830
f 1397/1759/830 995/1749/830 1398/1760/830
f 1069/1758/830 1070/1362/830 894/1361/830
f 1069/1758/830 1396/1757/830 1070/1362/830
f 1396/1757/830 958/1784/830 1070/1362/830
f 1395/1755/831 1109/1377/831 997/1742/831
f 1395/1755/831 1108/1754/831 1109/1377/831
f 1108/1754/831 924/1375/831 1109/1377/831
f 1393/1750/831 1395/1755/831 997/1742/831
f 1393/1750/831 1394/1752/831 1395/1755/831
f 1394/1752/831 996/1753/831 1395/1755/831
f 1107/1751/831 1221/1744/831 926/1368/831
f 1107/1751/831 1393/1750/831 1221/1744/831
f 1393/1750/831 997/1742/831 1221/1744/831
f 1392/1748/910 1214/1766/910 990/1765/910
f 1392/1748/910 1212/1747/910 1214/1766/910
f 1212/1747/918 895/1892/918 1214/1766/918
f 1390/1743/832 1392/1748/832 990/1765/832
f 1390/1743/832 1391/1745/832 1392/1748/832
f 1391/1745/832 988/1746/832 1392/1748/832
f 1221/1744/832 1102/1369/832 926/1368/832
f 1221/1744/832 1390/1743/832 1102/1369/832
f 1390/1743/832 990/1765/832 1102/1369/832
f 1389/1741/833 1180/1792/833 956/1791/833
f 1389/1741/833 1110/1732/833 1180/1792/833
f 1110/1732/833 924/1375/833 1180/1792/833
f 1387/1738/833 1389/1741/833 956/1791/833
f 1387/1738/833 1388/1740/833 1389/1741/833
f 1388/1740/833 998/1730/833 1389/1741/833
f 1067/1739/833 1068/1359/833 893/1358/833
f 1067/1739/833 1387/1738/833 1068/1359/833
f 1387/1738/833 956/1791/833 1068/1359/833
f 1386/1736/834 1112/1384/834 1000/1723/834
f 1386/1736/834 1111/1735/834 1112/1384/834
f 1111/1735/834 922/1382/834 1112/1384/834
f 1384/1731/834 1386/1736/834 1000/1723/834
f 1384/1731/834 1385/1733/834 1386/1736/834
f 1385/1733/834 999/1734/834 1386/1736/834
f 1110/1732/834 1224/1725/834 924/1375/834
f 1110/1732/834 1384/1731/834 1224/1725/834
f 1384/1731/834 1000/1723/834 1224/1725/834
f 1383/1729/909 1212/1747/909 988/1746/909
f 1383/1729/909 1210/1728/909 1212/1747/909
f 1210/1728/919 895/1892/919 1212/1747/919
f 1381/1724/835 1383/1729/835 988/1746/835
f 1381/1724/835 1382/1726/835 1383/1729/835
f 1382/1726/835 986/1727/835 1383/1729/835
f 1224/1725/835 1100/1376/835 924/1375/835
f 1224/1725/835 1381/1724/835 1100/1376/835
f 1381/1724/835 988/1746/835 1100/1376/835
f 1380/1722/836 1178/1799/836 954/1798/836
f 1380/1722/836 1113/1713/836 1178/1799/836
f 1113/1713/836 922/1382/836 1178/1799/836
f 1378/1719/836 1380/1722/836 954/1798/836
f 1378/1719/836 1379/1721/836 1380/1722/836
f 1379/1721/836 1001/1711/836 1380/1722/836
f 1065/1720/836 1066/1228/836 892/1227/836
f 1065/1720/836 1378/1719/836 1066/1228/836
f 1378/1719/836 954/1798/836 1066/1228/836
f 1377/1717/837 1115/1391/837 1003/1704/837
f 1377/1717/837 1114/1716/837 1115/1391/837
f 1114/1716/837 920/1389/837 1115/1391/837
f 1375/1712/837 1377/1717/837 1003/1704/837
f 1375/1712/837 1376/1714/837 1377/1717/837
f 1376/1714/837 1002/1715/837 1377/1717/837
f 1113/1713/837 1227/1706/837 922/1382/837
f 1113/1713/837 1375/1712/837 1227/1706/837
f 1375/1712/837 1003/1704/837 1227/1706/837
f 1374/1710/908 1210/1728/908 986/1727/908
f 1374/1710/908 1208/1709/908 1210/1728/908
f 1208/1709/920 895/1892/920 1210/1728/920
f 1372/1705/838 1374/1710/838 986/1727/838
f 1372/1705/838 1373/1707/838 1374/1710/838
f 1373/1707/838 984/1708/838 1374/1710/838
f 1227/1706/838 1098/1383/838 922/1382/838
f 1227/1706/838 1372/1705/838 1098/1383/838
f 1372/1705/838 986/1727/838 1098/1383/838
f 1371/1703/839 1176/1806/839 952/1805/839
f 1371/1703/839 1116/1694/839 1176/1806/839
f 1116/1694/839 920/1389/839 1176/1806/839
f 1369/1700/839 1371/1703/839 952/1805/839
f 1369/1700/839 1370/1702/839 1371/1703/839
f 1370/1702/839 1004/1692/839 1371/1703/839
f 1063/1701/839 1064/1225/839 891/1224/839
f 1063/1701/839 1369/1700/839 1064/1225/839
f 1369/1700/839 952/1805/839 1064/1225/839
f 1368/1698/840 1118/1398/840 1006/1685/840
f 1368/1698/840 1117/1697/840 1118/1398/840
f 1117/1697/840 918/1396/840 1118/1398/840
f 1366/1693/840 1368/1698/840 1006/1685/840
f 1366/1693/840 1367/1695/840 1368/1698/840
f 1367/1695/840 1005/1696/840 1368/1698/840
f 1116/1694/840 1230/1687/840 920/1389/840
f 1116/1694/840 1366/1693/840 1230/1687/840
f 1366/1693/840 1006/1685/840 1230/1687/840
f 1365/1691/907 1208/1709/907 984/1708/907
f 1365/1691/907 1206/1690/907 1208/1709/907
f 1206/1690/921 895/1892/921 1208/1709/921
f 1363/1686/841 1365/1691/841 984/1708/841
f 1363/1686/841 1364/1688/841 1365/1691/841
f 1364/1688/841 982/1689/841 1365/1691/841
f 1230/1687/841 1096/1390/841 920/1389/841
f 1230/1687/841 1363/1686/841 1096/1390/841
f 1363/1686/841 984/1708/841 1096/1390/841
f 1362/1684/842 1174/1813/842 950/1812/842
f 1362/1684/842 1119/1675/842 1174/1813/842
f 1119/1675/842 918/1396/842 1174/1813/842
f 1360/1681/842 1362/1684/842 950/1812/842
f 1360/1681/842 1361/1683/842 1362/1684/842
f 1361/1683/842 1007/1673/842 1362/1684/842
f 1061/1682/842 1062/1222/842 890/1221/842
f 1061/1682/842 1360/1681/842 1062/1222/842
f 1360/1681/842 950/1812/842 1062/1222/842
f 1359/1679/843 1121/1405/843 1009/1666/843
f 1359/1679/843 1120/1678/843 1121/1405/843
f 1120/1678/843 916/1403/843 1121/1405/843
f 1357/1674/843 1359/1679/843 1009/1666/843
f 1357/1674/843 1358/1676/843 1359/1679/843
f 1358/1676/843 1008/1677/843 1359/1679/843
f 1119/1675/843 1233/1668/843 918/1396/843
f 1119/1675/843 1357/1674/843 1233/1668/843
f 1357/1674/843 1009/1666/843 1233/1668/843
f 1356/1672/906 1206/1690/906 982/1689/906
f 1356/1672/906 1204/1671/906 1206/1690/906
f 1204/1671/922 895/1892/922 1206/1690/922
f 1354/1667/844 1356/1672/844 982/1689/844
f 1354/1667/844 1355/1669/844 1356/1672/844
f 1355/1669/844 980/1670/844 1356/1672/844
f 1233/1668/844 1094/1397/844 918/1396/844
f 1233/1668/844 1354/1667/844 1094/1397/844
f 1354/1667/844 982/1689/844 1094/1397/844
f 1353/1665/845 1172/1820/845 948/1819/845
f 1353/1665/845 1122/1656/845 1172/1820/845
f 1122/1656/845 916/1403/845 1172/1820/845
f 1351/1662/845 1353/1665/845 948/1819/845
f 1351/1662/845 1352/1664/845 1353/1665/845
f 1352/1664/845 1010/1654/845 1353/1665/845
f 1059/1663/845 1060/1219/845 889/1218/845
f 1059/1663/845 1351/1662/845 1060/1219/845
f 1351/1662/845 948/1819/845 1060/1219/845
f 1350/1660/846 1124/1412/846 1012/1647/846
f 1350/1660/846 1123/1659/846 1124/1412/846
f 1123/1659/846 914/1410/846 1124/1412/846
f 1348/1655/846 1350/1660/846 1012/1647/846
f 1348/1655/846 1349/1657/846 1350/1660/846
f 1349/1657/846 1011/1658/846 1350/1660/846
f 1122/1656/846 1236/1649/846 916/1403/846
f 1122/1656/846 1348/1655/846 1236/1649/846
f 1348/1655/846 1012/1647/846 1236/1649/846
f 1347/1653/923 1204/1671/923 980/1670/923
f 1347/1653/924 1202/1652/924 1204/1671/924
f 1202/1652/925 895/1892/925 1204/1671/925
f 1345/1648/904 1347/1653/904 980/1670/904
f 1345/1648/904 1346/1650/904 1347/1653/904
f 1346/1650/904 978/1651/904 1347/1653/904
f 1236/1649/903 1092/1404/903 916/1403/903
f 1236/1649/903 1345/1648/903 1092/1404/903
f 1345/1648/903 980/1670/903 1092/1404/903
f 1344/1646/848 1170/1827/848 946/1826/848
f 1344/1646/848 1125/1637/848 1170/1827/848
f 1125/1637/848 914/1410/848 1170/1827/848
f 1342/1643/848 1344/1646/848 946/1826/848
f 1342/1643/848 1343/1645/848 1344/1646/848
f 1343/1645/848 1013/1635/848 1344/1646/848
f 1057/1644/848 1058/1216/848 888/1215/848
f 1057/1644/848 1342/1643/848 1058/1216/848
f 1342/1643/848 946/1826/848 1058/1216/848
f 1341/1641/849 1127/1419/849 1015/1628/849
f 1341/1641/849 1126/1640/849 1127/1419/849
f 1126/1640/849 912/1417/849 1127/1419/849
f 1339/1636/849 1341/1641/849 1015/1628/849
f 1339/1636/849 1340/1638/849 1341/1641/849
f 1340/1638/849 1014/1639/849 1341/1641/849
f 1125/1637/849 1239/1630/849 914/1410/849
f 1125/1637/849 1339/1636/849 1239/1630/849
f 1339/1636/849 1015/1628/849 1239/1630/849
f 1338/1634/926 1202/1652/926 978/1651/926
f 1338/1634/927 1200/1633/927 1202/1652/927
f 1200/1633/928 895/1892/928 1202/1652/928
f 1336/1629/901 1338/1634/901 978/1651/901
f 1336/1629/901 1337/1631/901 1338/1634/901
f 1337/1631/901 976/1632/901 1338/1634/901
f 1239/1630/900 1090/1411/900 914/1410/900
f 1239/1630/900 1336/1629/900 1090/1411/900
f 1336/1629/900 978/1651/900 1090/1411/900
f 1335/1627/899 1168/1834/899 944/1833/899
f 1335/1627/899 1128/1618/899 1168/1834/899
f 1128/1618/899 912/1417/899 1168/1834/899
f 1333/1624/898 1335/1627/898 944/1833/898
f 1333/1624/898 1334/1626/898 1335/1627/898
f 1334/1626/898 1016/1616/898 1335/1627/898
f 1055/1625/897 1056/1213/897 887/1212/897
f 1055/1625/897 1333/1624/897 1056/1213/897
f 1333/1624/897 944/1833/897 1056/1213/897
f 1332/1622/896 1130/1426/896 1018/1609/896
f 1332/1622/896 1129/1621/896 1130/1426/896
f 1129/1621/896 910/1424/896 1130/1426/896
f 1330/1617/895 1332/1622/895 1018/1609/895
f 1330/1617/895 1331/1619/895 1332/1622/895
f 1331/1619/895 1017/1620/895 1332/1622/895
f 1128/1618/894 1242/1611/894 912/1417/894
f 1128/1618/894 1330/1617/894 1242/1611/894
f 1330/1617/894 1018/1609/894 1242/1611/894
f 1329/1615/929 1200/1633/929 976/1632/929
f 1329/1615/930 1198/1614/930 1200/1633/930
f 1198/1614/931 895/1892/931 1200/1633/931
f 1327/1610/853 1329/1615/853 976/1632/853
f 1327/1610/853 1328/1612/853 1329/1615/853
f 1328/1612/853 974/1613/853 1329/1615/853
f 1242/1611/853 1088/1418/853 912/1417/853
f 1242/1611/853 1327/1610/853 1088/1418/853
f 1327/1610/853 976/1632/853 1088/1418/853
f 1326/1608/854 1166/1841/854 942/1840/854
f 1326/1608/854 1131/1599/854 1166/1841/854
f 1131/1599/854 910/1424/854 1166/1841/854
f 1324/1605/854 1326/1608/854 942/1840/854
f 1324/1605/854 1325/1607/854 1326/1608/854
f 1325/1607/854 1019/1597/854 1326/1608/854
f 1053/1606/854 1054/1210/854 886/1209/854
f 1053/1606/854 1324/1605/854 1054/1210/854
f 1324/1605/854 942/1840/854 1054/1210/854
f 1323/1603/855 1133/1433/855 1021/1590/855
f 1323/1603/855 1132/1602/855 1133/1433/855
f 1132/1602/855 908/1431/855 1133/1433/855
f 1321/1598/855 1323/1603/855 1021/1590/855
f 1321/1598/855 1322/1600/855 1323/1603/855
f 1322/1600/855 1020/1601/855 1323/1603/855
f 1131/1599/855 1245/1592/855 910/1424/855
f 1131/1599/855 1321/1598/855 1245/1592/855
f 1321/1598/855 1021/1590/855 1245/1592/855
f 1320/1596/932 1198/1614/932 974/1613/932
f 1320/1596/933 1196/1595/933 1198/1614/933
f 1196/1595/934 895/1892/934 1198/1614/934
f 1318/1591/891 1320/1596/891 974/1613/891
f 1318/1591/891 1319/1593/891 1320/1596/891
f 1319/1593/891 972/1594/891 1320/1596/891
f 1245/1592/890 1086/1425/890 910/1424/890
f 1245/1592/890 1318/1591/890 1086/1425/890
f 1318/1591/890 974/1613/890 1086/1425/890
f 1317/1589/857 1164/1848/857 940/1847/857
f 1317/1589/857 1134/1580/857 1164/1848/857
f 1134/1580/857 908/1431/857 1164/1848/857
f 1315/1586/857 1317/1589/857 940/1847/857
f 1315/1586/857 1316/1588/857 1317/1589/857
f 1316/1588/857 1022/1578/857 1317/1589/857
f 1051/1587/857 1052/1207/857 885/1206/857
f 1051/1587/857 1315/1586/857 1052/1207/857
f 1315/1586/857 940/1847/857 1052/1207/857
f 1314/1584/858 1136/1440/858 1024/1571/858
f 1314/1584/858 1135/1583/858 1136/1440/858
f 1135/1583/858 906/1438/858 1136/1440/858
f 1312/1579/858 1314/1584/858 1024/1571/858
f 1312/1579/858 1313/1581/858 1314/1584/858
f 1313/1581/858 1023/1582/858 1314/1584/858
f 1134/1580/858 1248/1573/858 908/1431/858
f 1134/1580/858 1312/1579/858 1248/1573/858
f 1312/1579/858 1024/1571/858 1248/1573/858
f 1311/1577/935 1196/1595/935 972/1594/935
f 1311/1577/936 1194/1576/936 1196/1595/936
f 1194/1576/937 895/1892/937 1196/1595/937
f 1309/1572/888 1311/1577/888 972/1594/888
f 1309/1572/888 1310/1574/888 1311/1577/888
f 1310/1574/888 970/1575/888 1311/1577/888
f 1248/1573/887 1084/1432/887 908/1431/887
f 1248/1573/887 1309/1572/887 1084/1432/887
f 1309/1572/887 972/1594/887 1084/1432/887
f 1308/1570/860 1162/1855/860 938/1854/860
f 1308/1570/860 1137/1561/860 1162/1855/860
f 1137/1561/860 906/1438/860 1162/1855/860
f 1306/1567/860 1308/1570/860 938/1854/860
f 1306/1567/860 1307/1569/860 1308/1570/860
f 1307/1569/860 1025/1559/860 1308/1570/860
f 1049/1568/860 1050/1204/860 884/1203/860
f 1049/1568/860 1306/1567/860 1050/1204/860
f 1306/1567/860 938/1854/860 1050/1204/860
f 1305/1565/861 1139/1447/861 1027/1552/861
f 1305/1565/886 1138/1564/886 1139/1447/886
f 1138/1564/861 904/1445/861 1139/1447/861
f 1303/1560/861 1305/1565/861 1027/1552/861
f 1303/1560/886 1304/1562/886 1305/1565/886
f 1304/1562/861 1026/1563/861 1305/1565/861
f 1137/1561/886 1251/1554/886 906/1438/886
f 1137/1561/861 1303/1560/861 1251/1554/861
f 1303/1560/861 1027/1552/861 1251/1554/861
f 1302/1558/885 1194/1576/885 970/1575/885
f 1302/1558/885 1192/1557/885 1194/1576/885
f 1192/1557/938 895/1892/938 1194/1576/938
f 1300/1553/884 1302/1558/884 970/1575/884
f 1300/1553/884 1301/1555/884 1302/1558/884
f 1301/1555/884 968/1556/884 1302/1558/884
f 1251/1554/883 1082/1439/883 906/1438/883
f 1251/1554/883 1300/1553/883 1082/1439/883
f 1300/1553/883 970/1575/883 1082/1439/883
f 1299/1551/863 1160/1862/863 936/1861/863
f 1299/1551/863 1140/1542/863 1160/1862/863
f 1140/1542/863 904/1445/863 1160/1862/863
f 1297/1548/863 1299/1551/863 936/1861/863
f 1297/1548/863 1298/1550/863 1299/1551/863
f 1298/1550/863 1028/1540/863 1299/1551/863
f 1047/1549/863 1048/1201/863 883/1200/863
f 1047/1549/863 1297/1548/863 1048/1201/863
f 1297/1548/863 936/1861/863 1048/1201/863
f 1296/1546/864 1142/1454/864 1030/1533/864
f 1296/1546/864 1141/1545/864 1142/1454/864
f 1141/1545/864 902/1452/864 1142/1454/864
f 1294/1541/864 1296/1546/864 1030/1533/864
f 1294/1541/864 1295/1543/864 1296/1546/864
f 1295/1543/864 1029/1544/864 1296/1546/864
f 1140/1542/864 1254/1535/864 904/1445/864
f 1140/1542/864 1294/1541/864 1254/1535/864
f 1294/1541/864 1030/1533/864 1254/1535/864
f 1293/1539/939 1192/1557/939 968/1556/939
f 1293/1539/940 1190/1538/940 1192/1557/940
f 1190/1538/941 895/1892/941 1192/1557/941
f 1291/1534/881 1293/1539/881 968/1556/881
f 1291/1534/881 1292/1536/881 1293/1539/881
f 1292/1536/881 966/1537/881 1293/1539/881
f 1254/1535/880 1080/1446/880 904/1445/880
f 1254/1535/880 1291/1534/880 1080/1446/880
f 1291/1534/880 968/1556/880 1080/1446/880
f 1290/1532/866 1158/1869/866 934/1868/866
f 1290/1532/866 1143/1523/866 1158/1869/866
f 1143/1523/866 902/1452/866 1158/1869/866
f 1288/1529/866 1290/1532/866 934/1868/866
f 1288/1529/866 1289/1531/866 1290/1532/866
f 1289/1531/866 1031/1521/866 1290/1532/866
f 1045/1530/866 1046/1198/866 882/1197/866
f 1045/1530/866 1288/1529/866 1046/1198/866
f 1288/1529/866 934/1868/866 1046/1198/866
f 1287/1527/867 1145/1461/867 1033/1514/867
f 1287/1527/867 1144/1526/867 1145/1461/867
f 1144/1526/867 900/1459/867 1145/1461/867
f 1285/1522/867 1287/1527/867 1033/1514/867
f 1285/1522/867 1286/1524/867 1287/1527/867
f 1286/1524/867 1032/1525/867 1287/1527/867
f 1143/1523/867 1257/1516/867 902/1452/867
f 1143/1523/867 1285/1522/867 1257/1516/867
f 1285/1522/867 1033/1514/867 1257/1516/867
f 1284/1520/942 1190/1538/942 966/1537/942
f 1284/1520/943 1188/1519/943 1190/1538/943
f 1188/1519/944 895/1892/944 1190/1538/944
f 1282/1515/868 1284/1520/868 966/1537/868
f 1282/1515/868 1283/1517/868 1284/1520/868
f 1283/1517/868 964/1518/868 1284/1520/868
f 1257/1516/868 1078/1453/868 902/1452/868
f 1257/1516/868 1282/1515/868 1078/1453/868
f 1282/1515/868 966/1537/868 1078/1453/868
f 1281/1513/869 1156/1876/869 932/1875/869
f 1281/1513/869 1146/1504/869 1156/1876/869
f 1146/1504/869 900/1459/869 1156/1876/869
f 1279/1510/869 1281/1513/869 932/1875/869
f 1279/1510/869 1280/1512/869 1281/1513/869
f 1280/1512/869 1034/1502/869 1281/1513/869
f 1043/1511/869 1044/1195/869 881/1194/869
f 1043/1511/869 1279/1510/869 1044/1195/869
f 1279/1510/869 932/1875/869 1044/1195/869
f 1278/1508/870 1148/1468/870 1036/1495/870
f 1278/1508/870 1147/1507/870 1148/1468/870
f 1147/1507/870 898/1466/870 1148/1468/870
f 1276/1503/870 1278/1508/870 1036/1495/870
f 1276/1503/870 1277/1505/870 1278/1508/870
f 1277/1505/870 1035/1506/870 1278/1508/870
f 1146/1504/870 1260/1497/870 900/1459/870
f 1146/1504/870 1276/1503/870 1260/1497/870
f 1276/1503/870 1036/1495/870 1260/1497/870
f 1275/1501/878 1188/1519/878 964/1518/878
f 1275/1501/878 1186/1500/878 1188/1519/878
f 1186/1500/945 895/1892/945 1188/1519/945
f 1273/1496/877 1275/1501/877 964/1518/877
f 1273/1496/877 1274/1498/877 1275/1501/877
f 1274/1498/877 962/1499/877 1275/1501/877
f 1260/1497/876 1076/1460/876 900/1459/876
f 1260/1497/876 1273/1496/876 1076/1460/876
f 1273/1496/876 964/1518/876 1076/1460/876
f 1272/1494/872 1154/1883/872 930/1882/872
f 1272/1494/872 1149/1485/872 1154/1883/872
f 1149/1485/872 898/1466/872 1154/1883/872
f 1270/1491/872 1272/1494/872 930/1882/872
f 1270/1491/872 1271/1493/872 1272/1494/872
f 1271/1493/872 1037/1483/872 1272/1494/872
f 1040/1492/872 1042/1192/872 880/1191/872
f 1040/1492/872 1270/1491/872 1042/1192/872
f 1270/1491/872 930/1882/872 1042/1192/872
f 1269/1489/873 1151/1475/873 1039/1476/873
f 1269/1489/873 1150/1488/873 1151/1475/873
f 1150/1488/873 897/1473/873 1151/1475/873
f 1267/1484/873 1269/1489/873 1039/1476/873
f 1267/1484/873 1268/1486/873 1269/1489/873
f 1268/1486/873 1038/1487/873 1269/1489/873
f 1149/1485/873 1263/1478/873 898/1466/873
f 1149/1485/873 1267/1484/873 1263/1478/873
f 1267/1484/873 1039/1476/873 1263/1478/873
f 1266/1482/875 1186/1500/875 962/1499/875
f 1266/1482/875 1041/1481/875 1186/1500/875
f 1041/1481/946 895/1892/946 1186/1500/946
f 1264/1477/874 1266/1482/874 962/1499/874
f 1264/1477/874 1265/1479/874 1266/1482/874
f 1265/1479/874 929/1480/874 1266/1482/874
f 1263/1478/874 1074/1467/874 898/1466/874
f 1263/1478/874 1264/1477/874 1074/1467/874
f 1264/1477/874 962/1499/874 1074/1467/874
f 1151/1475/874 1265/1479/874 1039/1476/874
f 1151/1475/874 1153/1474/874 1265/1479/874
f 1153/1474/874 929/1480/874 1265/1479/874
f 1261/1470/873 1268/1486/873 1037/1483/873
f 1261/1470/873 1262/1472/873 1268/1486/873
f 1262/1472/873 1038/1487/873 1268/1486/873
f 1152/1471/872 1271/1493/872 928/1490/872
f 1152/1471/872 1261/1470/872 1271/1493/872
f 1261/1470/872 1037/1483/872 1271/1493/872
f 1148/1468/871 1274/1498/871 1036/1495/871
f 1148/1468/871 1074/1467/871 1274/1498/871
f 1074/1467/871 962/1499/871 1274/1498/871
f 1258/1463/870 1277/1505/870 1034/1502/870
f 1258/1463/870 1259/1465/870 1277/1505/870
f 1259/1465/870 1035/1506/870 1277/1505/870
f 1155/1464/869 1280/1512/869 931/1509/869
f 1155/1464/869 1258/1463/869 1280/1512/869
f 1258/1463/869 1034/1502/869 1280/1512/869
f 1145/1461/868 1283/1517/868 1033/1514/868
f 1145/1461/868 1076/1460/868 1283/1517/868
f 1076/1460/868 964/1518/868 1283/1517/868
f 1255/1456/867 1286/1524/867 1031/1521/867
f 1255/1456/867 1256/1458/867 1286/1524/867
f 1256/1458/867 1032/1525/867 1286/1524/867
f 1157/1457/866 1289/1531/866 933/1528/866
f 1157/1457/866 1255/1456/866 1289/1531/866
f 1255/1456/866 1031/1521/866 1289/1531/866
f 1142/1454/865 1292/1536/865 1030/1533/865
f 1142/1454/865 1078/1453/865 1292/1536/865
f 1078/1453/865 966/1537/865 1292/1536/865
f 1252/1449/864 1295/1543/864 1028/1540/864
f 1252/1449/864 1253/1451/864 1295/1543/864
f 1253/1451/864 1029/1544/864 1295/1543/864
f 1159/1450/863 1298/1550/863 935/1547/863
f 1159/1450/863 1252/1449/863 1298/1550/863
f 1252/1449/863 1028/1540/863 1298/1550/863
f 1139/1447/862 1301/1555/862 1027/1552/862
f 1139/1447/862 1080/1446/862 1301/1555/862
f 1080/1446/862 968/1556/862 1301/1555/862
f 1249/1442/861 1304/1562/861 1025/1559/861
f 1249/1442/886 1250/1444/886 1304/1562/886
f 1250/1444/861 1026/1563/861 1304/1562/861
f 1161/1443/860 1307/1569/860 937/1566/860
f 1161/1443/860 1249/1442/860 1307/1569/860
f 1249/1442/860 1025/1559/860 1307/1569/860
f 1136/1440/859 1310/1574/859 1024/1571/859
f 1136/1440/859 1082/1439/859 1310/1574/859
f 1082/1439/859 970/1575/859 1310/1574/859
f 1246/1435/858 1313/1581/858 1022/1578/858
f 1246/1435/858 1247/1437/858 1313/1581/858
f 1247/1437/858 1023/1582/858 1313/1581/858
f 1163/1436/857 1316/1588/857 939/1585/857
f 1163/1436/857 1246/1435/857 1316/1588/857
f 1246/1435/857 1022/1578/857 1316/1588/857
f 1133/1433/856 1319/1593/856 1021/1590/856
f 1133/1433/856 1084/1432/856 1319/1593/856
f 1084/1432/856 972/1594/856 1319/1593/856
f 1243/1428/855 1322/1600/855 1019/1597/855
f 1243/1428/855 1244/1430/855 1322/1600/855
f 1244/1430/855 1020/1601/855 1322/1600/855
f 1165/1429/854 1325/1607/854 941/1604/854
f 1165/1429/854 1243/1428/854 1325/1607/854
f 1243/1428/854 1019/1597/854 1325/1607/854
f 1130/1426/853 1328/1612/853 1018/1609/853
f 1130/1426/853 1086/1425/853 1328/1612/853
f 1086/1425/853 974/1613/853 1328/1612/853
f 1240/1421/852 1331/1619/852 1016/1616/852
f 1240/1421/852 1241/1423/852 1331/1619/852
f 1241/1423/852 1017/1620/852 1331/1619/852
f 1167/1422/851 1334/1626/851 943/1623/851
f 1167/1422/851 1240/1421/851 1334/1626/851
f 1240/1421/851 1016/1616/851 1334/1626/851
f 1127/1419/850 1337/1631/850 1015/1628/850
f 1127/1419/850 1088/1418/850 1337/1631/850
f 1088/1418/850 976/1632/850 1337/1631/850
f 1237/1414/849 1340/1638/849 1013/1635/849
f 1237/1414/849 1238/1416/849 1340/1638/849
f 1238/1416/849 1014/1639/849 1340/1638/849
f 1169/1415/848 1343/1645/848 945/1642/848
f 1169/1415/848 1237/1414/848 1343/1645/848
f 1237/1414/848 1013/1635/848 1343/1645/848
f 1124/1412/847 1346/1650/847 1012/1647/847
f 1124/1412/847 1090/1411/847 1346/1650/847
f 1090/1411/847 978/1651/847 1346/1650/847
f 1234/1407/846 1349/1657/846 1010/1654/846
f 1234/1407/846 1235/1409/846 1349/1657/846
f 1235/1409/846 1011/1658/846 1349/1657/846
f 1171/1408/845 1352/1664/845 947/1661/845
f 1171/1408/845 1234/1407/845 1352/1664/845
f 1234/1407/845 1010/1654/845 1352/1664/845
f 1121/1405/844 1355/1669/844 1009/1666/844
f 1121/1405/844 1092/1404/844 1355/1669/844
f 1092/1404/844 980/1670/844 1355/1669/844
f 1231/1400/843 1358/1676/843 1007/1673/843
f 1231/1400/843 1232/1402/843 1358/1676/843
f 1232/1402/843 1008/1677/843 1358/1676/843
f 1173/1401/842 1361/1683/842 949/1680/842
f 1173/1401/842 1231/1400/842 1361/1683/842
f 1231/1400/842 1007/1673/842 1361/1683/842
f 1118/1398/841 1364/1688/841 1006/1685/841
f 1118/1398/841 1094/1397/841 1364/1688/841
f 1094/1397/841 982/1689/841 1364/1688/841
f 1228/1393/840 1367/1695/840 1004/1692/840
f 1228/1393/840 1229/1395/840 1367/1695/840
f 1229/1395/840 1005/1696/840 1367/1695/840
f 1175/1394/839 1370/1702/839 951/1699/839
f 1175/1394/839 1228/1393/839 1370/1702/839
f 1228/1393/839 1004/1692/839 1370/1702/839
f 1115/1391/838 1373/1707/838 1003/1704/838
f 1115/1391/838 1096/1390/838 1373/1707/838
f 1096/1390/838 984/1708/838 1373/1707/838
f 1225/1386/837 1376/1714/837 1001/1711/837
f 1225/1386/837 1226/1388/837 1376/1714/837
f 1226/1388/837 1002/1715/837 1376/1714/837
f 1177/1387/836 1379/1721/836 953/1718/836
f 1177/1387/836 1225/1386/836 1379/1721/836
f 1225/1386/836 1001/1711/836 1379/1721/836
f 1112/1384/835 1382/1726/835 1000/1723/835
f 1112/1384/835 1098/1383/835 1382/1726/835
f 1098/1383/835 986/1727/835 1382/1726/835
f 1222/1379/834 1385/1733/834 998/1730/834
f 1222/1379/834 1223/1381/834 1385/1733/834
f 1223/1381/834 999/1734/834 1385/1733/834
f 1179/1380/833 1388/1740/833 955/1737/833
f 1179/1380/833 1222/1379/833 1388/1740/833
f 1222/1379/833 998/1730/833 1388/1740/833
f 1109/1377/832 1391/1745/832 997/1742/832
f 1109/1377/832 1100/1376/832 1391/1745/832
f 1100/1376/832 988/1746/832 1391/1745/832
f 1219/1372/831 1394/1752/831 995/1749/831
f 1219/1372/831 1220/1374/831 1394/1752/831
f 1220/1374/947 996/1753/947 1394/1752/947
f 1181/1373/830 1397/1759/830 957/1756/830
f 1181/1373/830 1219/1372/830 1397/1759/830
f 1219/1372/830 995/1749/830 1397/1759/830
f 1106/1370/829 1400/1764/829 994/1761/829
f 1106/1370/829 1102/1369/829 1400/1764/829
f 1102/1369/829 990/1765/829 1400/1764/829
f 1216/1365/828 1403/1771/828 992/1768/828
f 1216/1365/828 1217/1367/828 1403/1771/828
f 1217/1367/828 993/1772/828 1403/1771/828
f 1183/1366/827 1406/1778/827 959/1775/827
f 1183/1366/827 1216/1365/827 1406/1778/827
f 1216/1365/827 992/1768/827 1406/1778/827
f 1215/1363/826 1409/1783/826 991/1780/826
f 1215/1363/826 1070/1362/826 1409/1783/826
f 1070/1362/826 958/1784/826 1409/1783/826
f 1213/1360/825 1412/1790/825 989/1787/825
f 1213/1360/825 1068/1359/825 1412/1790/825
f 1068/1359/825 956/1791/825 1412/1790/825
f 1211/1229/823 1415/1797/823 987/1794/823
f 1211/1229/823 1066/1228/823 1415/1797/823
f 1066/1228/823 954/1798/823 1415/1797/823
f 1209/1226/822 1418/1804/822 985/1801/822
f 1209/1226/822 1064/1225/822 1418/1804/822
f 1064/1225/822 952/1805/822 1418/1804/822
f 1207/1223/821 1421/1811/821 983/1808/821
f 1207/1223/821 1062/1222/821 1421/1811/821
f 1062/1222/821 950/1812/821 1421/1811/821
f 1205/1220/820 1424/1818/820 981/1815/820
f 1205/1220/820 1060/1219/820 1424/1818/820
f 1060/1219/820 948/1819/820 1424/1818/820
f 1203/1217/819 1427/1825/819 979/1822/819
f 1203/1217/819 1058/1216/819 1427/1825/819
f 1058/1216/819 946/1826/819 1427/1825/819
f 1201/1214/818 1430/1832/818 977/1829/818
f 1201/1214/818 1056/1213/818 1430/1832/818
f 1056/1213/818 944/1833/818 1430/1832/818
f 1199/1211/817 1433/1839/817 975/1836/817
f 1199/1211/817 1054/1210/817 1433/1839/817
f 1054/1210/817 942/1840/817 1433/1839/817
f 1197/1208/816 1436/1846/816 973/1843/816
f 1197/1208/916 1052/1207/916 1436/1846/916
f 1052/1207/916 940/1847/916 1436/1846/916
f 1195/1205/815 1439/1853/815 971/1850/815
f 1195/1205/815 1050/1204/815 1439/1853/815
f 1050/1204/815 938/1854/815 1439/1853/815
f 1193/1202/814 1442/1860/814 969/1857/814
f 1193/1202/814 1048/1201/814 1442/1860/814
f 1048/1201/814 936/1861/814 1442/1860/814
f 1191/1199/813 1445/1867/813 967/1864/813
f 1191/1199/813 1046/1198/813 1445/1867/813
f 1046/1198/813 934/1868/813 1445/1867/813
f 1189/1196/812 1448/1874/812 965/1871/812
f 1189/1196/812 1044/1195/812 1448/1874/812
f 1044/1195/812 932/1875/812 1448/1874/812
f 1187/1193/811 1451/1881/811 963/1878/811
f 1187/1193/811 1042/1192/811 1451/1881/811
f 1042/1192/811 930/1882/811 1451/1881/811
f 1184/1190/810 1454/1888/810 960/1885/810
f 1184/1190/810 1185/1189/810 1454/1888/810
f 1185/1189/810 961/1889/810 1454/1888/810
o 立方体.007
v -0.182949 -0.050610 0.098217
v -0.151487 0.114382 0.098217
v -0.182949 -0.050610 -0.086248
v -0.151487 0.114382 -0.086248
v 0.163540 -0.051175 0.098217
v 0.164040 -0.032344 0.101390
v 0.163540 -0.051175 -0.086248
v 0.163579 -0.031974 -0.083533
v -0.182949 -0.050610 0.005985
v -0.167218 0.031886 0.098217
v -0.151487 0.114382 0.005985
v -0.167218 0.031886 -0.086248
v -0.009704 -0.050893 -0.086248
v -0.008720 0.003069 -0.095201
v 0.167218 -0.031887 -0.086248
v 0.163540 -0.051175 0.005985
v 0.170896 -0.012598 0.005985
v 0.167218 -0.031887 0.098217
v -0.009704 -0.050893 0.098217
v 0.003960 -0.000028 0.104027
v 0.009704 0.050892 0.005985
v -0.009704 -0.050893 0.005985
v 0.000000 -0.000000 0.098217
v 0.167218 -0.031887 0.005985
v 0.000000 -0.000000 -0.086248
v -0.167218 0.031886 0.005985
vn -0.9823 0.1873 -0.0000
vn -0.1896 -0.9776 -0.0918
vn 0.9989 -0.0321 0.0331
vn -0.0449 -0.0595 0.9972
vn -0.0016 -1.0000 -0.0000
vn 0.4720 0.8480 0.2412
vn 0.2707 0.8984 0.3458
vn 0.2765 0.8941 -0.3524
vn 0.4766 0.8418 -0.2535
vn -0.0000 -0.0000 1.0000
vn -0.1926 -0.9806 -0.0362
vn 0.9823 -0.1873 -0.0000
vn 0.9992 0.0037 -0.0406
vn -0.0000 -0.0000 -1.0000
vn -0.0738 -0.0978 -0.9925
vt 0.500000 0.125000
vt 0.625000 0.125000
vt 0.625000 0.250000
vt 0.500000 0.250000
vt 0.500000 0.375000
vt 0.625000 0.375000
vt 0.625000 0.500000
vt 0.500000 0.500000
vt 0.500000 0.625000
vt 0.625000 0.625000
vt 0.625000 0.750000
vt 0.500000 0.750000
vt 0.500000 0.875000
vt 0.625000 0.875000
vt 0.625000 1.000000
vt 0.500000 1.000000
vt 0.250000 0.625000
vt 0.375000 0.625000
vt 0.375000 0.750000
vt 0.250000 0.750000
vt 0.750000 0.625000
vt 0.875000 0.625000
vt 0.875000 0.750000
vt 0.750000 0.750000
vt 0.750000 0.500000
vt 0.875000 0.500000
vt 0.125000 0.625000
vt 0.125000 0.750000
vt 0.125000 0.500000
vt 0.250000 0.500000
vt 0.375000 0.500000
vt 0.375000 0.875000
vt 0.375000 1.000000
vt 0.375000 0.375000
vt 0.375000 0.250000
vt 0.375000 0.125000
vt 0.375000 0.000000
vt 0.500000 0.000000
vt 0.625000 0.000000
s 0
usemtl 材质.006
f 1481/1893/948 1466/1894/948 1459/1895/948 1467/1896/948
f 1480/1897/949 1469/1898/949 1463/1899/949 1470/1900/949
f 1479/1901/950 1472/1902/950 1461/1903/950 1473/1904/950
f 1478/1905/951 1475/1906/951 1457/1907/951 1465/1908/951
f 1477/1909/952 1471/1910/952 1460/1911/952 1474/1912/952
f 1476/1913/953 1466/1914/953 1457/1915/953 1475/1916/953
f 1472/1902/954 1476/1913/954 1475/1916/954 1461/1903/954
f 1463/1899/955 1469/1917/955 1476/1913/955 1472/1902/955
f 1469/1917/956 1459/1918/956 1466/1914/956 1476/1913/956
f 1464/1919/952 1477/1909/952 1474/1912/952 1456/1920/952
f 1458/1921/952 1468/1922/952 1477/1909/952 1464/1919/952
f 1468/1922/952 1462/1923/952 1471/1910/952 1477/1909/952
f 1474/1924/957 1478/1905/957 1465/1908/957 1456/1925/957
f 1460/1911/957 1473/1904/957 1478/1905/957 1474/1924/957
f 1473/1904/958 1461/1903/958 1475/1906/958 1478/1905/958
f 1471/1910/959 1479/1901/959 1473/1904/959 1460/1911/959
f 1462/1923/959 1470/1900/959 1479/1901/959 1471/1910/959
f 1470/1900/960 1463/1899/960 1472/1902/960 1479/1901/960
f 1468/1926/961 1480/1897/961 1470/1900/961 1462/1923/961
f 1458/1927/961 1467/1896/961 1480/1897/961 1468/1926/961
f 1467/1896/962 1459/1895/962 1469/1898/962 1480/1897/962
f 1464/1928/948 1481/1893/948 1467/1896/948 1458/1927/948
f 1456/1929/948 1465/1930/948 1481/1893/948 1464/1928/948
f 1465/1930/948 1457/1931/948 1466/1894/948 1481/1893/948
